FECHA_DE_CORTE,FECHA_DE_MUESTRA,UBIGEO,DEPARTAMENTO,PROVINCIA,DISTRITO,ESPECIE_GANADERA,NUMERO_ANIMALES_MACHOS,CANTIDAD_KILOGRAMOS_CARNE_MACHOS,NUMERO_ANIMALES_HEMBRAS,CANTIDAD_KILOGRAMOS_CARNE_HEMBRAS,,
20240131,20240203,200101,PIURA,PIURA,PIURA,VACUNO,460,96,600,150,30,750,,
20240131,20240203,200110,PIURA,PIURA,LA UNION,VACUNO,150,35,700,20,4,100,,
20240131,20240203,200105,PIURA,PIURA,CATACAOS,VACUNO,850,178,500,305,62,525,,
20240131,20240203,200109,PIURA,PIURA,LA ARENA,VACUNO,,,,,,
20240131,20240203,200114,PIURA,PIURA,TAMBOGRANDE,VACUNO,31,6,515,67,11,925,,
20240131,20240203,200109,PIURA,PIURA,LAS LOMAS,VACUNO,10,1,800,15,2,250,,
20240131,20240203,200801,PIURA,SECHURA,SECHURA,VACUNO,,,,,,
20240131,20240203,200405,PIURA,MORROPON,MORROPON,VACUNO,35,7,000,30,3,000,,
20240131,20240203,200401,PIURA,MORROPON,CHULUCANAS,VACUNO,196,41,160,55,12,100,,
20240131,20240203,200404,PIURA,MORROPON,LA MATANZA,VACUNO,120,25,200,20,4,600,,
20240131,20240203,200409,PIURA,MORROPON,SANTO DOMINGO,VACUNO,4,1000,,,,
20240131,20240203,200402,PIURA,MORROPON,BUENOS AIRES,VACUNO,6,1200,6,600,,
20240131,20240203,200406,PIURA,MORROPON,SALITRAL,VACUNO,7,1,330,0,0,,
20240131,20240203,200407,PIURA,MORROPON,SAN JUAN DE BIGOTE,VACUNO,8,1,600,1,210,,
20240131,20240203,200408,PIURA,MORROPON,SANTA CATALINA DE MOSSA,VACUNO,2,330,2,330,,
20240131,20240203,200403,PIURA,MORROPON,CHALACO,VACUNO,5,1,250,5,1250,,      
20240131,20240203,200410,PIURA,MORROPON,YAMANGO,VACUNO,4,800,4,400,,
20240131,20240203,200601,PIURA,SULLANA,BELLAVISTA,VACUNO,274,65,991,334,70,140,,
20240131,20240203,200607,PIURA,SULLANA,QUERECOTILLO,VACUNO,35,875,15,375,,
20240131,20240203,200701,PIURA,TALARA,PARINAS,VACUNO,92,17,460,76,12,160,,
20240131,20240203,200504,PIURA,PAITA,PUEBLO NUEVO DE COLAN,VACUNO,10,3,360,10,2,100,,
20240131,20240203,200501,PIURA,PAITA,PAITA,VACUNO,,,,,,
20240131,20240203,200301,PIURA,HUANCABAMBA,HUANCABAMBA,VACUNO,16,2549,114,17928,,
20240131,20240203,200302,PIURA,HUANCABAMBA,CANCHAQUE,VACUNO,8,1280,6,950,,
20240131,20240203,200307,PIURA,HUANCABAMBA,SONDOR,VACUNO,6,985,7,1100,,
20240131,20240203,200306,PIURA,HUANCABAMBA,SAN MIGUEL DEL FAIQUE,VACUNO,7,1135,8,1200,,
20240131,20240203,200305,PIURA,HUANCABAMBA,LALAQUIZ,VACUNO,6,1050,1,181,,
20240131,20240203,200304,PIURA,HUANCABAMBA,HUARMACA,VACUNO,8,725,9,980,,
20240131,20240203,200201,PIURA,AYABACA,AYABACA,VACUNO,44,6,090,66,7,462,,
20240131,20240203,200206,PIURA,AYABACA,PACAIPAMPA,VACUNO,15,3,750,,,,
20240131,20240203,200202,PIURA,AYABACA,FRIAS,VACUNO,10,2,100,6,1380,,
20240131,20240203,200209,PIURA,AYABACA,SICCHEZ,VACUNO,3,390,3,360,,
20240131,20240203,200210,PIURA,AYABACA,SUYO,VACUNO,6,780,1,130,,
20240131,20240203,200208,PIURA,AYABACA,SAPILLICA,VACUNO,12,1,656,4,552,,
20240131,20240203,200205,PIURA,AYABACA,MONTERO,VACUNO,10,1,300,5,450,,
20240131,20240203,200203,PIURA,AYABACA,JILILI,VACUNO,4,440,3,270,,
20240131,20240203,200101,PIURA,PIURA,PIURA,PORCINO,,,,,,
20240131,20240203,200110,PIURA,PIURA,LA UNION,PORCINO,1,45,1,65,,
20240131,20240203,200105,PIURA,PIURA,CATACAOS,PORCINO,,,,,,
20240131,20240203,200109,PIURA,PIURA,LA ARENA,PORCINO,,,,,,
20240131,20240203,200114,PIURA,PIURA,TAMBOGRANDE,PORCINO,15,1,050,20,1,210,,
20240131,20240203,200109,PIURA,PIURA,LAS LOMAS,PORCINO,,,,,,
20240131,20240203,200801,PIURA,SECHURA,SECHURA,PORCINO,,,,,,
20240131,20240203,200405,PIURA,MORROPON,MORROPON,PORCINO,20,1,200,10,500,,
20240131,20240203,200401,PIURA,MORROPON,CHULUCANAS,PORCINO,180,9,900,60,3,900,,
20240131,20240203,200404,PIURA,MORROPON,LA MATANZA,PORCINO,120,4,200,25,1,125,,
20240131,20240203,200409,PIURA,MORROPON,SANTO DOMINGO,PORCINO,80,6750,40,2400,,
20240131,20240203,200402,PIURA,MORROPON,BUENOS AIRES,PORCINO,10,600,5,250,,
20240131,20240203,200406,PIURA,MORROPON,SALITRAL,PORCINO,13,598,1,38,,
20240131,20240203,200407,PIURA,MORROPON,SAN JUAN DE BIGOTE,PORCINO,10,460,1,35,,
20240131,20240203,200408,PIURA,MORROPON,SANTA CATALINA DE MOSSA,PORCINO,2,200,2,60,,
20240131,20240203,200403,PIURA,MORROPON,CHALACO,PORCINO,20,1,000,20,1200,,
20240131,20240203,200410,PIURA,MORROPON,YAMANGO,PORCINO,10,600,10,500,,
20240131,20240203,200601,PIURA,SULLANA,BELLAVISTA,PORCINO,60,566,78,624,,
20240131,20240203,200607,PIURA,SULLANA,QUERECOTILLO,PORCINO,30,2,400,,,,
20240131,20240203,200701,PIURA,TALARA,PARINAS,PORCINO,40,3,280,10,820,,
20240131,20240203,200504,PIURA,PAITA,PUEBLO NUEVO DE COLAN,PORCINO,,,,,,
20240131,20240203,200501,PIURA,PAITA,PAITA,PORCINO,,,,,,
20240131,20240203,200301,PIURA,HUANCABAMBA,HUANCABAMBA,PORCINO,47,4332,42,4139,,
20240131,20240203,200302,PIURA,HUANCABAMBA,CANCHAQUE,PORCINO,8,720,8,800,,
20240131,20240203,200307,PIURA,HUANCABAMBA,SONDOR,PORCINO,6,545,7,690,,
20240131,20240203,200306,PIURA,HUANCABAMBA,SAN MIGUEL DEL FAIQUE,PORCINO,7,640,8,790,,
20240131,20240203,200305,PIURA,HUANCABAMBA,LALAQUIZ,PORCINO,10,600,0,0,,
20240131,20240203,200304,PIURA,HUANCABAMBA,HUARMACA,PORCINO,9,605,10,560,,
20240131,20240203,200201,PIURA,AYABACA,AYABACA,PORCINO,12,869,17,926,,
20240131,20240203,200206,PIURA,AYABACA,PACAIPAMPA,PORCINO,250,15,000,200,11000,,
20240131,20240203,200202,PIURA,AYABACA,FRIAS,PORCINO,28,1,540,15,900,,
20240131,20240203,200209,PIURA,AYABACA,SICCHEZ,PORCINO,7,315,8,320,,
20240131,20240203,200210,PIURA,AYABACA,SUYO,PORCINO,80,3,600,20,900,,
20240131,20240203,200208,PIURA,AYABACA,SAPILLICA,PORCINO,60,2400,15,600,,
20240131,20240203,200205,PIURA,AYABACA,MONTERO,PORCINO,10,450,10,400,,
20240131,20240203,200203,PIURA,AYABACA,JILILI,PORCINO,9,405,7,280,,
20240131,20240203,200101,PIURA,PIURA,PIURA,OVINOS,,,,,,
20240131,20240203,200110,PIURA,PIURA,LA UNION,OVINOS,,,,,,
20240131,20240203,200105,PIURA,PIURA,CATACAOS,OVINOS,,,,,,
20240131,20240203,200109,PIURA,PIURA,LA ARENA,OVINOS,,,,,,
20240131,20240203,200114,PIURA,PIURA,TAMBOGRANDE,OVINOS,6,95,55,840,,
20240131,20240203,200109,PIURA,PIURA,LAS LOMAS,OVINOS,,,,,,
20240131,20240203,200801,PIURA,SECHURA,SECHURA,OVINOS,,,,,,
20240131,20240203,200405,PIURA,MORROPON,MORROPON,OVINOS,10,300,10,250,,
20240131,20240203,200401,PIURA,MORROPON,CHULUCANAS,OVINOS,565,15,820,48,1,536,,
20240131,20240203,200404,PIURA,MORROPON,LA MATANZA,OVINOS,132,3,696,55,1,975,,
20240131,20240203,200409,PIURA,MORROPON,SANTO DOMINGO,OVINOS,25,944,,,,
20240131,20240203,200402,PIURA,MORROPON,BUENOS AIRES,OVINOS,3,90,3,75,,
20240131,20240203,200406,PIURA,MORROPON,SALITRAL,OVINOS,1,20,0,0,,
20240131,20240203,200407,PIURA,MORROPON,SAN JUAN DE BIGOTE,OVINOS,3,66,1,19,,
20240131,20240203,200408,PIURA,MORROPON,SANTA CATALINA DE MOSSA,OVINOS,3,72,1,31,,
20240131,20240203,200403,PIURA,MORROPON,CHALACO,OVINOS,4,100,,,,
20240131,20240203,200410,PIURA,MORROPON,YAMANGO,OVINOS,3,90,3,75,,
20240131,20240203,200601,PIURA,SULLANA,BELLAVISTA,OVINOS,60,566,78,624,,
20240131,20240203,200607,PIURA,SULLANA,QUERECOTILLO,OVINOS,,,,,,
20240131,20240203,200701,PIURA,TALARA,PARINAS,OVINOS,,,,,,
20240131,20240203,200504,PIURA,PAITA,PUEBLO NUEVO DE COLAN,OVINOS,,,,,,
20240131,20240203,200501,PIURA,PAITA,PAITA,OVINOS,,,,,,
20240131,20240203,200301,PIURA,HUANCABAMBA,HUANCABAMBA,OVINOS,14,225,12,191,,
20240131,20240203,200302,PIURA,HUANCABAMBA,CANCHAQUE,OVINOS,6,125,7,112,,
20240131,20240203,200307,PIURA,HUANCABAMBA,SONDOR,OVINOS,7,140,6,110,,
20240131,20240203,200306,PIURA,HUANCABAMBA,SAN MIGUEL DEL FAIQUE,OVINOS,7,1220,7,115,,
20240131,20240203,200305,PIURA,HUANCABAMBA,LALAQUIZ,OVINOS,2,36,0,0,,
20240131,20240203,200304,PIURA,HUANCABAMBA,HUARMACA,OVINOS,1,40,,,,
20240131,20240203,200201,PIURA,AYABACA,AYABACA,OVINOS,,,,,,
20240131,20240203,200206,PIURA,AYABACA,PACAIPAMPA,OVINOS,30,1,050,20,700,,
20240131,20240203,200202,PIURA,AYABACA,FRIAS,OVINOS,12,384,8,280,,
20240131,20240203,200209,PIURA,AYABACA,SICCHEZ,OVINOS,,,,,,
20240131,20240203,200210,PIURA,AYABACA,SUYO,OVINOS,8,96,2,24,,
20240131,20240203,200208,PIURA,AYABACA,SAPILLICA,OVINOS,22,308,12,168,,
20240131,20240203,200205,PIURA,AYABACA,MONTERO,OVINOS,2,26,1,11,,
20240131,20240203,200203,PIURA,AYABACA,JILILI,OVINOS,1,11,,,,
20240131,20240203,200101,PIURA,PIURA,PIURA,CAPRINOS,,,,,,
20240131,20240203,200110,PIURA,PIURA,LA UNION,CAPRINOS,250,7,000,103,2,575,,
20240131,20240203,200105,PIURA,PIURA,CATACAOS,CAPRINOS,,,,,,
20240131,20240203,200109,PIURA,PIURA,LA ARENA,CAPRINOS,,,,,,
20240131,20240203,200114,PIURA,PIURA,TAMBOGRANDE,CAPRINOS,82,1,240,103,1,585,,
20240131,20240203,200109,PIURA,PIURA,LAS LOMAS,CAPRINOS,35,1050,45,990,,
20240131,20240203,200801,PIURA,SECHURA,SECHURA,CAPRINOS,,,,,,
20240131,20240203,200405,PIURA,MORROPON,MORROPON,CAPRINOS,20,640,10,250,,
20240131,20240203,200401,PIURA,MORROPON,CHULUCANAS,CAPRINOS,140,3,920,65,2,080,,
20240131,20240203,200404,PIURA,MORROPON,LA MATANZA,CAPRINOS,115,2,875,32,896,,
20240131,20240203,200409,PIURA,MORROPON,SANTO DOMINGO,CAPRINOS,20,370,,,,
20240131,20240203,200402,PIURA,MORROPON,BUENOS AIRES,CAPRINOS,6,180,4,100,,
20240131,20240203,200406,PIURA,MORROPON,SALITRAL,CAPRINOS,8,224,1,25,,
20240131,20240203,200407,PIURA,MORROPON,SAN JUAN DE BIGOTE,CAPRINOS,5,100,1,25,,
20240131,20240203,200408,PIURA,MORROPON,SANTA CATALINA DE MOSSA,CAPRINOS,30,1923,3,105,,
20240131,20240203,200403,PIURA,MORROPON,CHALACO,CAPRINOS,1,20,,,,
20240131,20240203,200410,PIURA,MORROPON,YAMANGO,CAPRINOS,5,95,3,75,,
20240131,20240203,200601,PIURA,SULLANA,BELLAVISTA,CAPRINOS,367,2,907,963,6,741,,
20240131,20240203,200607,PIURA,SULLANA,QUERECOTILLO,CAPRINOS,38,950,12,300,,
20240131,20240203,200701,PIURA,TALARA,PARIÑAS,CAPRINOS,60,1,500,20,500,,
20240131,20240203,200504,PIURA,PAITA,PUEBLO NUEVO DE COLAN,CAPRINOS,30,750,10,250,,
20240131,20240203,200501,PIURA,PAITA,PAITA,CAPRINOS,,,,,,
20240131,20240203,200301,PIURA,HUANCABAMBA,HUANCABAMBA,CAPRINOS,5,71,15,197,,
20240131,20240203,200302,PIURA,HUANCABAMBA,CANCHAQUE,CAPRINOS,4,65,7,80,,
20240131,20240203,200307,PIURA,HUANCABAMBA,SONDOR,CAPRINOS,6,90,5,60,,
20240131,20240203,200306,PIURA,HUANCABAMBA,SAN MIGUEL DEL FAIQUE,CAPRINOS,6,90,6,75,,
20240131,20240203,200305,PIURA,HUANCABAMBA,LALAQUÍZ,CAPRINOS,2,46,0,0,,
20240131,20240203,200304,PIURA,HUANCABAMBA,HUARMACA,CAPRINOS,,,,,,
20240131,20240203,200201,PIURA,AYABACA,AYABACA,CAPRINOS,3,57,2,40,,
20240131,20240203,200206,PIURA,AYABACA,PACAIPAMPA,CAPRINOS,80,2,960,44,1520,,
20240131,20240203,200202,PIURA,AYABACA,FRIAS,CAPRINOS,9,198,7,196,,
20240131,20240203,200209,PIURA,AYABACA,SICCHEZ,CAPRINOS,,,,,,
20240131,20240203,200210,PIURA,AYABACA,SUYO,CAPRINOS,160,2,080,10,130,,
20240131,20240203,200208,PIURA,AYABACA,SAPILLICA,CAPRINOS,74,1184,18,288,,
20240131,20240203,200205,PIURA,AYABACA,MONTERO,CAPRINOS,2,24,1,10,,
20240131,20240203,200203,PIURA,AYABACA,JILILÍ,CAPRINOS,,,,,,
20231231,20240103,200101,PIURA,PIURA,PIURA,VACUNO,400,84000,120,24600,,
20231231,20240103,200110,PIURA,PIURA,LA UNIÓN,VACUNO,120,25200,22,4510,,
20231231,20240103,200105,PIURA,PIURA,CATACAOS,VACUNO,650,136500,180,36900,,
20231231,20240103,200109,PIURA,PIURA,LA ARENA,VACUNO,,,,,,
20231231,20240103,200114,PIURA,PIURA,TAMBOGRANDE,VACUNO,27,4,960,60,10,335,,
20231231,20240103,200109,PIURA,PIURA,LAS LOMAS,VACUNO,16,2,400,12,1,800,,
20231231,20240103,200801,PIURA,SECHURA,SECHURA,VACUNO,,,,,,
20231231,20240103,200405,PIURA,MORROPON,MORROPON,VACUNO,31,6,200,20,2,200,,
20231231,20240103,200401,PIURA,MORROPON,CHULUCANAS,VACUNO,185,38,850,41,9,020,,
20231231,20240103,200404,PIURA,MORROPON,LA MATANZA,VACUNO,134,26,130,35,7,350,,
20231231,20240103,200409,PIURA,MORROPON,SANTO DOMINGO,VACUNO,5,1,250,5,1,250,,
20231231,20240103,200402,PIURA,MORROPON,BUENOS AIRES,VACUNO,5,1,000,5,750,,
20231231,20240103,200406,PIURA,MORROPON,SALITRAL,VACUNO,7,1330,3,615,,
20231231,20240103,200407,PIURA,MORROPON,SAN JUAN DE BIGOTE,VACUNO,6,1200,4,840,,
20231231,20240103,200408,PIURA,MORROPON,SANTA CATALINA DE MOSSA,VACUNO,2,330,2,330,,
20231231,20240103,200403,PIURA,MORROPON,CHALACO,VACUNO,5,1,150,5,1,100,,
20231231,20240103,200410,PIURA,MORROPON,YAMANGO,VACUNO,3,600,3,360,,
20231231,20240103,200601,PIURA,SULLANA,BELLAVISTA,VACUNO,200,43700,150,26,670,,
20231231,20240103,200607,PIURA,SULLANA,QUERECOTILLO,VACUNO,22,4400,16,3,200,,
20231231,20240103,200701,PIURA,TALARA,PARIÑAS,VACUNO,25,4500,4,10,240,,
20231231,20240103,200504,PIURA,PAITA,PUEBLO NUEVO DE COLAN,VACUNO,12,2,115,6,975,,
20231231,20240103,200501,PIURA,PAITA,PAITA,VACUNO,,,,,,
20231231,20240103,200301,PIURA,HUANCABAMBA,HUANCABAMBA,VACUNO,19,3,139,113,16,948,,
20231231,20240103,200302,PIURA,HUANCABAMBA,CANCHAQUE,VACUNO,7,1,180,7,1,150,,
20231231,20240103,200307,PIURA,HUANCABAMBA,SONDOR,VACUNO,7,1,295,5,978,,
20231231,20240103,200306,PIURA,HUANCABAMBA,SAN MIGUEL DEL FAIQUE,VACUNO,9,1,356,5,1,090,,
20231231,20240103,200305,PIURA,HUANCABAMBA,LALAQUÍZ,VACUNO,6,1,005,7,1,230,,
20231231,20240103,200304,PIURA,HUANCABAMBA,HUARMACA,VACUNO,14,1,930,12,1,470,,
20231231,20240103,200201,PIURA,AYABACA,AYABACA,VACUNO,38,5230,65,8828,,
20231231,20240103,200206,PIURA,AYABACA,PACAIPAMPA,VACUNO,10,2,500,10,2,500,,
20231231,20240103,200202,PIURA,AYABACA,FRIAS,VACUNO,8,1,840,4,880,,
20231231,20240103,200209,PIURA,AYABACA,SICCHEZ,VACUNO,6,780,6,720,,
20231231,20240103,200210,PIURA,AYABACA,SUYO,VACUNO,6,780,1,130,,
20231231,20240103,200208,PIURA,AYABACA,SAPILLICA,VACUNO,10,1380,3,414,,
20231231,20240103,200205,PIURA,AYABACA,MONTERO,VACUNO,14,1,820,4,360,,
20231231,20240103,200203,PIURA,AYABACA,JILILÍ,VACUNO,8,880,5,450,,
20231231,20240103,200101,PIURA,PIURA,PIURA,PORCINO,1,100,11,000,450,42,750,,
20231231,20240103,200110,PIURA,PIURA,LA UNIÓN,PORCINO,,,,,,
20231231,20240103,200105,PIURA,PIURA,CATACAOS,PORCINO,,,,,,
20231231,20240103,200109,PIURA,PIURA,LA ARENA,PORCINO,,,,,,
20231231,20240103,200114,PIURA,PIURA,TAMBOGRANDE,PORCINO,15,1,050,20,1,210,,
20231231,20240103,200109,PIURA,PIURA,LAS LOMAS,PORCINO,,,,,,
20231231,20240103,200801,PIURA,SECHURA,SECHURA,PORCINO,,,,,,
20231231,20240103,200405,PIURA,MORROPON,MORROPON,PORCINO,21,1,860,10,500,,
20231231,20240103,200401,PIURA,MORROPON,CHULUCANAS,PORCINO,170,5,950,49,2,205,,
20231231,20240103,200404,PIURA,MORROPON,LA MATANZA,PORCINO,132,4,620,35,1,575,,
20231231,20240103,200409,PIURA,MORROPON,SANTO DOMINGO,PORCINO,90,6,750,47,3,490,,
20231231,20240103,200402,PIURA,MORROPON,BUENOS AIRES,PORCINO,15,900,5,250,,
20231231,20240103,200406,PIURA,MORROPON,SALITRAL,PORCINO,,,,,,
20231231,20240103,200407,PIURA,MORROPON,SAN JUAN DE BIGOTE,PORCINO,,,,,,
20231231,20240103,200408,PIURA,MORROPON,SANTA CATALINA DE MOSSA,PORCINO,2,150,2,60,,
20231231,20240103,200403,PIURA,MORROPON,CHALACO,PORCINO,60,4,500,44,3,291,,
20231231,20240103,200410,PIURA,MORROPON,YAMANGO,PORCINO,10,600,5,225,,
20231231,20240103,200601,PIURA,SULLANA,BELLAVISTA,PORCINO,200,19,040,120,13,200,,
20231231,20240103,200607,PIURA,SULLANA,QUERECOTILLO,PORCINO,30,1,250,10,850,,
20231231,20240103,200701,PIURA,TALARA,PARIÑAS,PORCINO,10,985,12,1,140,,
20231231,20240103,200504,PIURA,PAITA,PUEBLO NUEVO DE COLAN,PORCINO,,,,,,
20231231,20240103,200501,PIURA,PAITA,PAITA,PORCINO,,,,,,
20231231,20240103,200301,PIURA,HUANCABAMBA,HUANCABAMBA,PORCINO,42,4,098,32,2,863,,
20231231,20240103,200302,PIURA,HUANCABAMBA,CANCHAQUE,PORCINO,7,590,8,690,,
20231231,20240103,200307,PIURA,HUANCABAMBA,SONDOR,PORCINO,7,490,6,550,,
20231231,20240103,200306,PIURA,HUANCABAMBA,SAN MIGUEL DEL FAIQUE,PORCINO,5,450,8,725,,
20231231,20240103,200305,PIURA,HUANCABAMBA,LALAQUÍZ,PORCINO,7,630,5,480,,
20231231,20240103,200304,PIURA,HUANCABAMBA,HUARMACA,PORCINO,9,790,13,825,,
20231231,20240103,200201,PIURA,AYABACA,AYABACA,PORCINO,12,834,11,568,,
20231231,20240103,200206,PIURA,AYABACA,PACAIPAMPA,PORCINO,200,14,600,179,12,720,,
20231231,20240103,200202,PIURA,AYABACA,FRIAS,PORCINO,21,672,8,336,,
20231231,20240103,200209,PIURA,AYABACA,SICCHEZ,PORCINO,7,315,8,320,,
20231231,20240103,200210,PIURA,AYABACA,SUYO,PORCINO,100,4,500,20,900,,
20231231,20240103,200208,PIURA,AYABACA,SAPILLICA,PORCINO,56,2,240,10,400,,
20231231,20240103,200205,PIURA,AYABACA,MONTERO,PORCINO,22,990,13,520,,
20231231,20240103,200203,PIURA,AYABACA,JILILÍ,PORCINO,12,540,6,240,,
20231231,20240103,200101,PIURA,PIURA,PIURA,OVINOS,,,,,,
20231231,20240103,200110,PIURA,PIURA,LA UNIÓN,OVINOS,,,,,,
20231231,20240103,200105,PIURA,PIURA,CATACAOS,OVINOS,,,,,,
20231231,20240103,200109,PIURA,PIURA,LA ARENA,OVINOS,,,,,,
20231231,20240103,200114,PIURA,PIURA,TAMBOGRANDE,OVINOS,40,615,5,80,,
20231231,20240103,200109,PIURA,PIURA,LAS LOMAS,OVINOS,,,,,,
20231231,20240103,200801,PIURA,SECHURA,SECHURA,OVINOS,,,,,,
20231231,20240103,200405,PIURA,MORROPON,MORROPON,OVINOS,14,520,12,300,,
20231231,20240103,200401,PIURA,MORROPON,CHULUCANAS,OVINOS,580,12,760,65,2,275,,
20231231,20240103,200404,PIURA,MORROPON,LA MATANZA,OVINOS,123,2,583,49,1,568,,
20231231,20240103,200409,PIURA,MORROPON,SANTO DOMINGO,OVINOS,22,944,,,,
20231231,20240103,200402,PIURA,MORROPON,BUENOS AIRES,OVINOS,4,120,2,50,,
20231231,20240103,200406,PIURA,MORROPON,SALITRAL,OVINOS,6,132,2,36,,
20231231,20240103,200407,PIURA,MORROPON,SAN JUAN DE BIGOTE,OVINOS,3,66,2,36,,
20231231,20240103,200408,PIURA,MORROPON,SANTA CATALINA DE MOSSA,OVINOS,4,112,3,96,,
20231231,20240103,200403,PIURA,MORROPON,CHALACO,OVINOS,13,562,,,,
20231231,20240103,200410,PIURA,MORROPON,YAMANGO,OVINOS,6,132,4,100,,
20231231,20240103,200601,PIURA,SULLANA,BELLAVISTA,OVINOS,50,633,70,875,,
20231231,20240103,200607,PIURA,SULLANA,QUERECOTILLO,OVINOS,,,,,,
20231231,20240103,200701,PIURA,TALARA,PARIÑAS,OVINOS,,,,,,
20231231,20240103,200504,PIURA,PAITA,PUEBLO NUEVO DE COLAN,OVINOS,,,,,,
20231231,20240103,200501,PIURA,PAITA,PAITA,OVINOS,,,,,,
20231231,20240103,200301,PIURA,HUANCABAMBA,HUANCABAMBA,OVINOS,11,187,4,60,,
20231231,20240103,200302,PIURA,HUANCABAMBA,CANCHAQUE,OVINOS,6,138,6,75,,
20231231,20240103,200307,PIURA,HUANCABAMBA,SONDOR,OVINOS,7,145,5,75,,
20231231,20240103,200306,PIURA,HUANCABAMBA,SAN MIGUEL DEL FAIQUE,OVINOS,6,110,7,118,,
20231231,20240103,200305,PIURA,HUANCABAMBA,LALAQUÍZ,OVINOS,5,85,9,125,,
20231231,20240103,200304,PIURA,HUANCABAMBA,HUARMACA,OVINOS,,,,,,
20231231,20240103,200201,PIURA,AYABACA,AYABACA,OVINOS,,,,,,
20231231,20240103,200206,PIURA,AYABACA,PACAIPAMPA,OVINOS,30,1320,,,,
20231231,20240103,200202,PIURA,AYABACA,FRIAS,OVINOS,4,112,3,96,,
20231231,20240103,200209,PIURA,AYABACA,SICCHEZ,OVINOS,,,,,,
20231231,20240103,200210,PIURA,AYABACA,SUYO,OVINOS,8,96,2,24,,
20231231,20240103,200208,PIURA,AYABACA,SAPILLICA,OVINOS,14,196,8,112,,
20231231,20240103,200205,PIURA,AYABACA,MONTERO,OVINOS,,,,,,
20231231,20240103,200203,PIURA,AYABACA,JILILÍ,OVINOS,2,28,2,24,,
20231231,20240103,200101,PIURA,PIURA,PIURA,CAPRINOS,,,,,,
20231231,20240103,200110,PIURA,PIURA,LA UNIÓN,CAPRINOS,400,6,000,190,2,850,,
20231231,20240103,200105,PIURA,PIURA,CATACAOS,CAPRINOS,,,,,,
20231231,20240103,200109,PIURA,PIURA,LA ARENA,CAPRINOS,,,,,,
20231231,20240103,200114,PIURA,PIURA,TAMBOGRANDE,CAPRINOS,54,840,80,1,235,,
20231231,20240103,200109,PIURA,PIURA,LAS LOMAS,CAPRINOS,40,520,80,1040,,
20231231,20240103,200801,PIURA,SECHURA,SECHURA,CAPRINOS,,,,,,
20231231,20240103,200405,PIURA,MORROPON,MORROPON,CAPRINOS,20,640,15,360,,
20231231,20240103,200401,PIURA,MORROPON,CHULUCANAS,CAPRINOS,168,3,696,52,1,456,,
20231231,20240103,200404,PIURA,MORROPON,LA MATANZA,CAPRINOS,125,2,625,38,1064,,
20231231,20240103,200409,PIURA,MORROPON,SANTO DOMINGO,CAPRINOS,10,370,7,258,,
20231231,20240103,200402,PIURA,MORROPON,BUENOS AIRES,CAPRINOS,7,231,5,125,,
20231231,20240103,200406,PIURA,MORROPON,SALITRAL,CAPRINOS,12,336,3,75,,
20231231,20240103,200407,PIURA,MORROPON,SAN JUAN DE BIGOTE,CAPRINOS,8,224,2,50,,
20231231,20240103,200408,PIURA,MORROPON,SANTA CATALINA DE MOSSA,CAPRINOS,30,1923,3,105,,
20231231,20240103,200403,PIURA,MORROPON,CHALACO,CAPRINOS,1,20,,,,
20231231,20240103,200410,PIURA,MORROPON,YAMANGO,CAPRINOS,5,95,3,75,,
20231231,20240103,200601,PIURA,SULLANA,BELLAVISTA,CAPRINOS,500,5,000,320,2,880,,
20231231,20240103,200607,PIURA,SULLANA,QUERECOTILLO,CAPRINOS,30,300,20,200,,
20231231,20240103,200701,PIURA,TALARA,PARIÑAS,CAPRINOS,40,440,20,350,,
20231231,20240103,200504,PIURA,PAITA,PUEBLO NUEVO DE COLAN,CAPRINOS,,,,,,
20231231,20240103,200501,PIURA,PAITA,PAITA,CAPRINOS,,,,,,
20231231,20240103,200301,PIURA,HUANCABAMBA,HUANCABAMBA,CAPRINOS,7,99,5,80,,
20231231,20240103,200302,PIURA,HUANCABAMBA,CANCHAQUE,CAPRINOS,4,65,7,80,,
20231231,20240103,200307,PIURA,HUANCABAMBA,SONDOR,CAPRINOS,6,90,5,60,,
20231231,20240103,200306,PIURA,HUANCABAMBA,SAN MIGUEL DEL FAIQUE,CAPRINOS,6,90,6,75,,
20231231,20240103,200305,PIURA,HUANCABAMBA,LALAQUÍZ,CAPRINOS,8,125,5,80,,
20231231,20240103,200304,PIURA,HUANCABAMBA,HUARMACA,CAPRINOS,,,,,,
20231231,20240103,200201,PIURA,AYABACA,AYABACA,CAPRINOS,1,18,1,22,,
20231231,20240103,200206,PIURA,AYABACA,PACAIPAMPA,CAPRINOS,80,2,960,44,1520,,
20231231,20240103,200202,PIURA,AYABACA,FRIAS,CAPRINOS,9,198,7,196,,
20231231,20240103,200209,PIURA,AYABACA,SICCHEZ,CAPRINOS,,,,,,
20231231,20240103,200210,PIURA,AYABACA,SUYO,CAPRINOS,190,2,432,10,128,,
20231231,20240103,200208,PIURA,AYABACA,SAPILLICA,CAPRINOS,50,800,15,240,,
20231231,20240103,200205,PIURA,AYABACA,MONTERO,CAPRINOS,0,0,4,44,,
20231231,20240103,200203,PIURA,AYABACA,JILILÍ,CAPRINOS,1,12,1,10,,
20231130,20231203,200101,PIURA,PIURA,PIURA,VACUNO,400,84000,120,24600,,
20231130,20231203,200110,PIURA,PIURA,LA UNIÓN,VACUNO,120,25200,22,4510,,
20231130,20231203,200105,PIURA,PIURA,CATACAOS,VACUNO,650,136500,180,36900,,
20231130,20231203,200109,PIURA,PIURA,LA ARENA,VACUNO,,,,,,
20231130,20231203,200114,PIURA,PIURA,TAMBOGRANDE,VACUNO,49,4745,62,12100,,
20231130,20231203,200109,PIURA,PIURA,LAS LOMAS,VACUNO,14,2100,10,1500,,
20231130,20231203,200801,PIURA,SECHURA,SECHURA,VACUNO,,,,,,
20231130,20231203,200405,PIURA,MORROPON,MORROPON,VACUNO,47,7050,15,1650,,
20231130,20231203,200401,PIURA,MORROPON,CHULUCANAS,VACUNO,175,26750,34,7480,,
20231130,20231203,200404,PIURA,MORROPON,LA MATANZA,VACUNO,120,23400,42,8820,,
20231130,20231203,200409,PIURA,MORROPON,SANTO DOMINGO,VACUNO,6,1500,6,1500,,
20231130,20231203,200402,PIURA,MORROPON,BUENOS AIRES,VACUNO,5,750,3,330,,
20231130,20231203,200406,PIURA,MORROPON,SALITRAL,VACUNO,7,1330,3,615,,
20231130,20231203,200407,PIURA,MORROPON,SAN JUAN DE BIGOTE,VACUNO,6,1200,4,840,,
20231130,20231203,200408,PIURA,MORROPON,SANTA CATALINA DE MOSSA,VACUNO,15,3600,,,,
20231130,20231203,200403,PIURA,MORROPON,CHALACO,VACUNO,6,1300,,,,
20231130,20231203,200410,PIURA,MORROPON,YAMANGO,VACUNO,3,540,1,110,,
20231130,20231203,200601,PIURA,SULLANA,BELLAVISTA,VACUNO,304,66425,358,70883,,
20231130,20231203,200607,PIURA,SULLANA,QUERECOTILLO,VACUNO,22,4400,16,3200,,
20231130,20231203,200701,PIURA,TALARA,PARIÑAS,VACUNO,74,13320,4,10240,,
20231130,20231203,200504,PIURA,PAITA,PUEBLO NUEVO DE COLAN,VACUNO,8,1410,6,975,,
20231130,20231203,200501,PIURA,PAITA,PAITA,VACUNO,,,,,,
20231130,20231203,200301,PIURA,HUANCABAMBA,HUANCABAMBA,VACUNO,21,2950,110,17650,,
20231130,20231203,200302,PIURA,HUANCABAMBA,CANCHAQUE,VACUNO,8,1120,7,1200,,
20231130,20231203,200307,PIURA,HUANCABAMBA,SONDOR,VACUNO,6,930,7,1389,,
20231130,20231203,200306,PIURA,HUANCABAMBA,SAN MIGUEL DEL FAIQUE,VACUNO,8,1240,6,1090,,
20231130,20231203,200305,PIURA,HUANCABAMBA,LALAQUÍZ,VACUNO,5,890,8,1250,,
20231130,20231203,200304,PIURA,HUANCABAMBA,HUARMACA,VACUNO,16,1940,14,1,730,,
20231130,20231203,200201,PIURA,AYABACA,AYABACA,VACUNO,38,5230,65,8828,,
20231130,20231203,200206,PIURA,AYABACA,PACAIPAMPA,VACUNO,8,2000,8,2000,,
20231130,20231203,200202,PIURA,AYABACA,FRIAS,VACUNO,5,975,3,630,,
20231130,20231203,200209,PIURA,AYABACA,SICCHEZ,VACUNO,4,520,2,240,,
20231130,20231203,200210,PIURA,AYABACA,SUYO,VACUNO,6,780,1,130,,
20231130,20231203,200208,PIURA,AYABACA,SAPILLICA,VACUNO,10,1380,3,414,,
20231130,20231203,200205,PIURA,AYABACA,MONTERO,VACUNO,16,2080,8,720,,
20231130,20231203,200203,PIURA,AYABACA,JILILÍ,VACUNO,6,660,3,270,,
20231130,20231203,200101,PIURA,PIURA,PIURA,PORCINO,1640,114800,480,26400,,
20231130,20231203,200110,PIURA,PIURA,LA UNIÓN,PORCINO,,,,,,
20231130,20231203,200105,PIURA,PIURA,CATACAOS,PORCINO,,,,,,
20231130,20231203,200109,PIURA,PIURA,LA ARENA,PORCINO,,,,,,
20231130,20231203,200114,PIURA,PIURA,TAMBOGRANDE,PORCINO,15,1,050,20,1,210,,
20231130,20231203,200109,PIURA,PIURA,LAS LOMAS,PORCINO,,,,,,
20231130,20231203,200801,PIURA,SECHURA,SECHURA,PORCINO,,,,,,
20231130,20231203,200405,PIURA,MORROPON,MORROPON,PORCINO,20,900,10,380,,
20231130,20231203,200401,PIURA,MORROPON,CHULUCANAS,PORCINO,155,5,425,42,1,890,,
20231130,20231203,200404,PIURA,MORROPON,LA MATANZA,PORCINO,122,3050,28,1,260,,
20231130,20231203,200409,PIURA,MORROPON,SANTO DOMINGO,PORCINO,60,4,500,49,3,146,,
20231130,20231203,200402,PIURA,MORROPON,BUENOS AIRES,PORCINO,10,350,6,270,,
20231130,20231203,200406,PIURA,MORROPON,SALITRAL,PORCINO,,,,,,
20231130,20231203,200407,PIURA,MORROPON,SAN JUAN DE BIGOTE,PORCINO,,,,,,
20231130,20231203,200408,PIURA,MORROPON,SANTA CATALINA DE MOSSA,PORCINO,200,9,000,179,9,845,,
20231130,20231203,200403,PIURA,MORROPON,CHALACO,PORCINO,45,3,240,38,2,577,,
20231130,20231203,200410,PIURA,MORROPON,YAMANGO,PORCINO,15,675,5,300,,
20231130,20231203,200601,PIURA,SULLANA,BELLAVISTA,PORCINO,286,27,225,346,28,026,,
20231130,20231203,200607,PIURA,SULLANA,QUERECOTILLO,PORCINO,40,2,800,10,700,,
20231130,20231203,200701,PIURA,TALARA,PARIÑAS,PORCINO,20,1,400,10,700,,
20231130,20231203,200504,PIURA,PAITA,PUEBLO NUEVO DE COLAN,PORCINO,,,,,,
20231130,20231203,200501,PIURA,PAITA,PAITA,PORCINO,,,,,,
20231130,20231203,200301,PIURA,HUANCABAMBA,HUANCABAMBA,PORCINO,54,4515,43,3621,,
20231130,20231203,200302,PIURA,HUANCABAMBA,CANCHAQUE,PORCINO,8,620,7,620,,
20231130,20231203,200307,PIURA,HUANCABAMBA,SONDOR,PORCINO,7,490,5,480,,
20231130,20231203,200306,PIURA,HUANCABAMBA,SAN MIGUEL DEL FAIQUE,PORCINO,7,525,6,540,,
20231130,20231203,200305,PIURA,HUANCABAMBA,LALAQUÍZ,PORCINO,8,590,4,435,,
20231130,20231203,200304,PIURA,HUANCABAMBA,HUARMACA,PORCINO,11,915,17,1245,,
20231130,20231203,200201,PIURA,AYABACA,AYABACA,PORCINO,12,834,11,568,,
20231130,20231203,200206,PIURA,AYABACA,PACAIPAMPA,PORCINO,200,14600,179,12720,,
20231130,20231203,200202,PIURA,AYABACA,FRIAS,PORCINO,21,672,8,336,,
20231130,20231203,200209,PIURA,AYABACA,SICCHEZ,PORCINO,4,180,4,160,,
20231130,20231203,200210,PIURA,AYABACA,SUYO,PORCINO,100,4500,20,900,,
20231130,20231203,200208,PIURA,AYABACA,SAPILLICA,PORCINO,56,2240,10,400,,
20231130,20231203,200205,PIURA,AYABACA,MONTERO,PORCINO,18,810,10,400,,
20231130,20231203,200203,PIURA,AYABACA,JILILÍ,PORCINO,10,450,8,320,,
20231130,20231203,200101,PIURA,PIURA,PIURA,OVINOS,,,,,,
20231130,20231203,200110,PIURA,PIURA,LA UNIÓN,OVINOS,,,,,,
20231130,20231203,200105,PIURA,PIURA,CATACAOS,OVINOS,,,,,,
20231130,20231203,200109,PIURA,PIURA,LA ARENA,OVINOS,,,,,,
20231130,20231203,200114,PIURA,PIURA,TAMBOGRANDE,OVINOS,10,600,51,880,,
20231130,20231203,200109,PIURA,PIURA,LAS LOMAS,OVINOS,,,,,,
20231130,20231203,200801,PIURA,SECHURA,SECHURA,OVINOS,,,,,,
20231130,20231203,200405,PIURA,MORROPON,MORROPON,OVINOS,20,440,5,140,,
20231130,20231203,200401,PIURA,MORROPON,CHULUCANAS,OVINOS,518,14504,36,1152,,
20231130,20231203,200404,PIURA,MORROPON,LA MATANZA,OVINOS,96,2400,53,1855,,
20231130,20231203,200409,PIURA,MORROPON,SANTO DOMINGO,OVINOS,10,410,10,403,,
20231130,20231203,200402,PIURA,MORROPON,BUENOS AIRES,OVINOS,7,154,3,96,,
20231130,20231203,200406,PIURA,MORROPON,SALITRAL,OVINOS,6,132,2,36,,
20231130,20231203,200407,PIURA,MORROPON,SAN JUAN DE BIGOTE,OVINOS,3,66,2,36,,
20231130,20231203,200408,PIURA,MORROPON,SANTA CATALINA DE MOSSA,OVINOS,4,112,3,96,,
20231130,20231203,200403,PIURA,MORROPON,CHALACO,OVINOS,13,562,,,,
20231130,20231203,200410,PIURA,MORROPON,YAMANGO,OVINOS,6,132,4,100,,
20231130,20231203,200601,PIURA,SULLANA,BELLAVISTA,OVINOS,43,557,65,585,,
20231130,20231203,200607,PIURA,SULLANA,QUERECOTILLO,OVINOS,,,,,,
20231130,20231203,200701,PIURA,TALARA,PARIÑAS,OVINOS,,,,,,
20231130,20231203,200504,PIURA,PAITA,PUEBLO NUEVO DE COLAN,OVINOS,,,,,,
20231130,20231203,200501,PIURA,PAITA,PAITA,OVINOS,,,,,,
20231130,20231203,200301,PIURA,HUANCABAMBA,HUANCABAMBA,OVINOS,16,288,15,264,,
20231130,20231203,200302,PIURA,HUANCABAMBA,CANCHAQUE,OVINOS,6,122,6,125,,
20231130,20231203,200307,PIURA,HUANCABAMBA,SONDOR,OVINOS,7,140,5,118,,
20231130,20231203,200306,PIURA,HUANCABAMBA,SAN MIGUEL DEL FAIQUE,OVINOS,8,155,7,145,,
20231130,20231203,200305,PIURA,HUANCABAMBA,LALAQUÍZ,OVINOS,9,160,5,112,,
20231130,20231203,200304,PIURA,HUANCABAMBA,HUARMACA,OVINOS,,,,,,
20231130,20231203,200201,PIURA,AYABACA,AYABACA,OVINOS,,,,,,
20231130,20231203,200206,PIURA,AYABACA,PACAIPAMPA,OVINOS,30,1320,,,,
20231130,20231203,200202,PIURA,AYABACA,FRIAS,OVINOS,4,112,3,96,,
20231130,20231203,200209,PIURA,AYABACA,SICCHEZ,OVINOS,,,,,,
20231130,20231203,200210,PIURA,AYABACA,SUYO,OVINOS,8,96,2,24,,
20231130,20231203,200208,PIURA,AYABACA,SAPILLICA,OVINOS,14,196,8,112,,
20231130,20231203,200205,PIURA,AYABACA,MONTERO,OVINOS,,,,,,
20231130,20231203,200203,PIURA,AYABACA,JILILÍ,OVINOS,,,,,,
20231130,20231203,200101,PIURA,PIURA,PIURA,CAPRINOS,,,,,,
20231130,20231203,200110,PIURA,PIURA,LA UNIÓN,CAPRINOS,320,12,160,50,1,800,,
20231130,20231203,200105,PIURA,PIURA,CATACAOS,CAPRINOS,,,,,,
20231130,20231203,200109,PIURA,PIURA,LA ARENA,CAPRINOS,,,,,,
20231130,20231203,200114,PIURA,PIURA,TAMBOGRANDE,CAPRINOS,71,628,103,1,375,,
20231130,20231203,200109,PIURA,PIURA,LAS LOMAS,CAPRINOS,34,442,70,910,,
20231130,20231203,200801,PIURA,SECHURA,SECHURA,CAPRINOS,,,,,,
20231130,20231203,200405,PIURA,MORROPON,MORROPON,CAPRINOS,30,660,12,384,,
20231130,20231203,200401,PIURA,MORROPON,CHULUCANAS,CAPRINOS,152,3,800,48,1,536,,
20231130,20231203,200404,PIURA,MORROPON,LA MATANZA,CAPRINOS,116,2,204,32,896,,
20231130,20231203,200409,PIURA,MORROPON,SANTO DOMINGO,CAPRINOS,16,552,,,,
20231130,20231203,200402,PIURA,MORROPON,BUENOS AIRES,CAPRINOS,10,220,6,192,,
20231130,20231203,200406,PIURA,MORROPON,SALITRAL,CAPRINOS,12,336,3,75,,
20231130,20231203,200407,PIURA,MORROPON,SAN JUAN DE BIGOTE,CAPRINOS,8,224,2,50,,
20231130,20231203,200408,PIURA,MORROPON,SANTA CATALINA DE MOSSA,CAPRINOS,30,1923,3,105,,
20231130,20231203,200403,PIURA,MORROPON,CHALACO,CAPRINOS,1,20,,,,
20231130,20231203,200410,PIURA,MORROPON,YAMANGO,CAPRINOS,5,95,3,75,,
20231130,20231203,200601,PIURA,SULLANA,BELLAVISTA,CAPRINOS,615,4,851,701,4,907,,
20231130,20231203,200607,PIURA,SULLANA,QUERECOTILLO,CAPRINOS,30,480,10,160,,
20231130,20231203,200701,PIURA,TALARA,PARIÑAS,CAPRINOS,40,800,20,400,,
20231130,20231203,200504,PIURA,PAITA,PUEBLO NUEVO DE COLAN,CAPRINOS,,,,,,
20231130,20231203,200501,PIURA,PAITA,PAITA,CAPRINOS,,,,,,
20231130,20231203,200301,PIURA,HUANCABAMBA,HUANCABAMBA,CAPRINOS,8,125,0,0,,
20231130,20231203,200302,PIURA,HUANCABAMBA,CANCHAQUE,CAPRINOS,4,70,6,65,,
20231130,20231203,200307,PIURA,HUANCABAMBA,SONDOR,CAPRINOS,5,85,6,70,,
20231130,20231203,200306,PIURA,HUANCABAMBA,SAN MIGUEL DEL FAIQUE,CAPRINOS,7,105,6,78,,
20231130,20231203,200305,PIURA,HUANCABAMBA,LALAQUÍZ,CAPRINOS,7,110,7,85,,
20231130,20231203,200304,PIURA,HUANCABAMBA,HUARMACA,CAPRINOS,,,,,,
20231130,20231203,200201,PIURA,AYABACA,AYABACA,CAPRINOS,1,18,1,22,,
20231130,20231203,200206,PIURA,AYABACA,PACAIPAMPA,CAPRINOS,100,3,500,13,441,,
20231130,20231203,200202,PIURA,AYABACA,FRIAS,CAPRINOS,7,154,5,140,,
20231130,20231203,200209,PIURA,AYABACA,SICCHEZ,CAPRINOS,,,,,,
20231130,20231203,200210,PIURA,AYABACA,SUYO,CAPRINOS,190,2,432,10,128,,
20231130,20231203,200208,PIURA,AYABACA,SAPILLICA,CAPRINOS,50,800,15,240,,
20231130,20231203,200205,PIURA,AYABACA,MONTERO,CAPRINOS,0,0,4,44,,
20231130,20231203,200203,PIURA,AYABACA,JILILÍ,CAPRINOS,1,12,1,10,,
20231031,20231103,200101,PIURA,PIURA,PIURA,VACUNO,400,84000,120,24600,,
20231031,20231103,200110,PIURA,PIURA,LA UNIÓN,VACUNO,120,25200,22,4510,,
20231031,20231103,200105,PIURA,PIURA,CATACAOS,VACUNO,650,136500,180,36900,,
20231031,20231103,200109,PIURA,PIURA,LA ARENA,VACUNO,,,,,,
20231031,20231103,200114,PIURA,PIURA,TAMBOGRANDE,VACUNO,46,8,910,63,10,310,,
20231031,20231103,200109,PIURA,PIURA,LAS LOMAS,VACUNO,13,1,950,7,1,050,,
20231031,20231103,200801,PIURA,SECHURA,SECHURA,VACUNO,,,,,,
20231031,20231103,200405,PIURA,MORROPON,MORROPON,VACUNO,47,4575,30,3909,,
20231031,20231103,200401,PIURA,MORROPON,CHULUCANAS,VACUNO,172,36120,18,3780,,
20231031,20231103,200404,PIURA,MORROPON,LA MATANZA,VACUNO,113,21470,39,8580,,
20231031,20231103,200409,PIURA,MORROPON,SANTO DOMINGO,VACUNO,4,800,4,800,,
20231031,20231103,200402,PIURA,MORROPON,BUENOS AIRES,VACUNO,10,980,5,650,,
20231031,20231103,200406,PIURA,MORROPON,SALITRAL,VACUNO,7,1330,3,615,,
20231031,20231103,200407,PIURA,MORROPON,SAN JUAN DE BIGOTE,VACUNO,6,1200,4,840,,
20231031,20231103,200408,PIURA,MORROPON,SANTA CATALINA DE MOSSA,VACUNO,4,660,2,300,,
20231031,20231103,200403,PIURA,MORROPON,CHALACO,VACUNO,10,2500,,,,
20231031,20231103,200410,PIURA,MORROPON,YAMANGO,VACUNO,15,1500,10,1310,,
20231031,20231103,200601,PIURA,SULLANA,BELLAVISTA,VACUNO,290,64776,360,70200,,
20231031,20231103,200607,PIURA,SULLANA,QUERECOTILLO,VACUNO,15,3150,9,1890,,
20231031,20231103,200701,PIURA,TALARA,PARIÑAS,VACUNO,114,20520,85,136,,
20231031,20231103,200504,PIURA,PAITA,PUEBLO NUEVO DE COLAN,VACUNO,12,2400,8,1600,,
20231031,20231103,200501,PIURA,PAITA,PAITA,VACUNO,,,,,,
20231031,20231103,200301,PIURA,HUANCABAMBA,HUANCABAMBA,VACUNO,27,3729,106,18856,,
20231031,20231103,200302,PIURA,HUANCABAMBA,CANCHAQUE,VACUNO,8,1360,7,1290,,
20231031,20231103,200307,PIURA,HUANCABAMBA,SONDOR,VACUNO,7,1170,8,1340,,
20231031,20231103,200306,PIURA,HUANCABAMBA,SAN MIGUEL DEL FAIQUE,VACUNO,5,1100,7,1250,,
20231031,20231103,200305,PIURA,HUANCABAMBA,LALAQUÍZ,VACUNO,6,1195,6,1200,,
20231031,20231103,200304,PIURA,HUANCABAMBA,HUARMACA,VACUNO,21,2394,16,1,605,,
20231031,20231103,200201,PIURA,AYABACA,AYABACA,VACUNO,65,8,528,96,12,982,,
20231031,20231103,200206,PIURA,AYABACA,PACAIPAMPA,VACUNO,15,3600,,,,
20231031,20231103,200202,PIURA,AYABACA,FRIAS,VACUNO,5,1050,3,660,,
20231031,20231103,200209,PIURA,AYABACA,SICCHEZ,VACUNO,3,390,1,120,,
20231031,20231103,200210,PIURA,AYABACA,SUYO,VACUNO,6,780,1,130,,
20231031,20231103,200208,PIURA,AYABACA,SAPILLICA,VACUNO,10,1380,3,414,,
20231031,20231103,200205,PIURA,AYABACA,MONTERO,VACUNO,18,2,340,9,810,,
20231031,20231103,200203,PIURA,AYABACA,JILILÍ,VACUNO,9,990,6,540,,
20231031,20231103,200101,PIURA,PIURA,PIURA,PORCINO,1,640,114,800,480,26,400,,
20231031,20231103,200110,PIURA,PIURA,LA UNIÓN,PORCINO,,,,,,
20231031,20231103,200105,PIURA,PIURA,CATACAOS,PORCINO,,,,,,
20231031,20231103,200109,PIURA,PIURA,LA ARENA,PORCINO,,,,,,
20231031,20231103,200114,PIURA,PIURA,TAMBOGRANDE,PORCINO,15,1,050,20,1,210,,
20231031,20231103,200109,PIURA,PIURA,LAS LOMAS,PORCINO,,,,,,
20231031,20231103,200801,PIURA,SECHURA,SECHURA,PORCINO,,,,,,
20231031,20231103,200405,PIURA,MORROPON,MORROPON,PORCINO,18,888,12,573,,
20231031,20231103,200401,PIURA,MORROPON,CHULUCANAS,PORCINO,175,6650,43,1935,,
20231031,20231103,200404,PIURA,MORROPON,LA MATANZA,PORCINO,122,3050,31,1302,,
20231031,20231103,200409,PIURA,MORROPON,SANTO DOMINGO,PORCINO,60,4380,45,3156,,
20231031,20231103,200402,PIURA,MORROPON,BUENOS AIRES,PORCINO,9,450,7,336,,
20231031,20231103,200406,PIURA,MORROPON,SALITRAL,PORCINO,17,680,3,114,,
20231031,20231103,200407,PIURA,MORROPON,SAN JUAN DE BIGOTE,PORCINO,12,480,2,76,,
20231031,20231103,200408,PIURA,MORROPON,SANTA CATALINA DE MOSSA,PORCINO,3,200,1,60,,
20231031,20231103,200403,PIURA,MORROPON,CHALACO,PORCINO,50,3750,30,1984,,
20231031,20231103,200410,PIURA,MORROPON,YAMANGO,PORCINO,20,1020,8,392,,
20231031,20231103,200601,PIURA,SULLANA,BELLAVISTA,PORCINO,311,27818,380,28500,,
20231031,20231103,200607,PIURA,SULLANA,QUERECOTILLO,PORCINO,20,1500,10,750,,
20231031,20231103,200701,PIURA,TALARA,PARIÑAS,PORCINO,10,700,4,280,,
20231031,20231103,200504,PIURA,PAITA,PUEBLO NUEVO DE COLAN,PORCINO,,,,,,
20231031,20231103,200501,PIURA,PAITA,PAITA,PORCINO,,,,,,
20231031,20231103,200301,PIURA,HUANCABAMBA,HUANCABAMBA,PORCINO,54,4515,43,3621,,
20231031,20231103,200302,PIURA,HUANCABAMBA,CANCHAQUE,PORCINO,7,665,7,640,,
20231031,20231103,200307,PIURA,HUANCABAMBA,SONDOR,PORCINO,6,490,5,550,,
20231031,20231103,200306,PIURA,HUANCABAMBA,SAN MIGUEL DEL FAIQUE,PORCINO,6,580,7,660,,
20231031,20231103,200305,PIURA,HUANCABAMBA,LALAQUÍZ,PORCINO,7,650,6,540,,
20231031,20231103,200304,PIURA,HUANCABAMBA,HUARMACA,PORCINO,17,1245,13,915,,
20231031,20231103,200201,PIURA,AYABACA,AYABACA,PORCINO,15,970,28,2,140,,
20231031,20231103,200206,PIURA,AYABACA,PACAIPAMPA,PORCINO,200,14600,179,12720,,
20231031,20231103,200202,PIURA,AYABACA,FRIAS,PORCINO,21,672,8,336,,
20231031,20231103,200209,PIURA,AYABACA,SICCHEZ,PORCINO,4,180,6,240,,
20231031,20231103,200210,PIURA,AYABACA,SUYO,PORCINO,100,4500,20,900,,
20231031,20231103,200208,PIURA,AYABACA,SAPILLICA,PORCINO,56,2240,10,400,,
20231031,20231103,200205,PIURA,AYABACA,MONTERO,PORCINO,20,900,15,600,,
20231031,20231103,200203,PIURA,AYABACA,JILILÍ,PORCINO,10,450,8,320,,
20231031,20231103,200101,PIURA,PIURA,PIURA,OVINOS,,,,,,
20231031,20231103,200110,PIURA,PIURA,LA UNIÓN,OVINOS,,,,,,
20231031,20231103,200105,PIURA,PIURA,CATACAOS,OVINOS,,,,,,
20231031,20231103,200109,PIURA,PIURA,LA ARENA,OVINOS,,,,,,
20231031,20231103,200114,PIURA,PIURA,TAMBOGRANDE,OVINOS,17,280,28,431,,
20231031,20231103,200109,PIURA,PIURA,LAS LOMAS,OVINOS,,,,,,
20231031,20231103,200801,PIURA,SECHURA,SECHURA,OVINOS,,,,,,
20231031,20231103,200405,PIURA,MORROPON,MORROPON,OVINOS,2,43,1,22,,
20231031,20231103,200401,PIURA,MORROPON,CHULUCANAS,OVINOS,518,14504,36,1152,,
20231031,20231103,200404,PIURA,MORROPON,LA MATANZA,OVINOS,96,2400,53,1855,,
20231031,20231103,200409,PIURA,MORROPON,SANTO DOMINGO,OVINOS,12,518,12,336,,
20231031,20231103,200402,PIURA,MORROPON,BUENOS AIRES,OVINOS,4,88,1,25,,
20231031,20231103,200406,PIURA,MORROPON,SALITRAL,OVINOS,6,132,2,36,,
20231031,20231103,200407,PIURA,MORROPON,SAN JUAN DE BIGOTE,OVINOS,3,66,2,36,,
20231031,20231103,200408,PIURA,MORROPON,SANTA CATALINA DE MOSSA,OVINOS,4,112,3,96,,
20231031,20231103,200403,PIURA,MORROPON,CHALACO,OVINOS,13,562,,,,
20231031,20231103,200410,PIURA,MORROPON,YAMANGO,OVINOS,6,132,4,100,,
20231031,20231103,200601,PIURA,SULLANA,BELLAVISTA,OVINOS,43,557,65,585,,
20231031,20231103,200607,PIURA,SULLANA,QUERECOTILLO,OVINOS,,,,,,
20231031,20231103,200701,PIURA,TALARA,PARIÑAS,OVINOS,,,,,,
20231031,20231103,200504,PIURA,PAITA,PUEBLO NUEVO DE COLAN,OVINOS,,,,,,
20231031,20231103,200501,PIURA,PAITA,PAITA,OVINOS,,,,,,
20231031,20231103,200301,PIURA,HUANCABAMBA,HUANCABAMBA,OVINOS,16,288,15,264,,
20231031,20231103,200302,PIURA,HUANCABAMBA,CANCHAQUE,OVINOS,6,122,6,125,,
20231031,20231103,200307,PIURA,HUANCABAMBA,SONDOR,OVINOS,7,140,5,118,,
20231031,20231103,200306,PIURA,HUANCABAMBA,SAN MIGUEL DEL FAIQUE,OVINOS,8,155,7,145,,
20231031,20231103,200305,PIURA,HUANCABAMBA,LALAQUÍZ,OVINOS,9,160,5,112,,
20231031,20231103,200304,PIURA,HUANCABAMBA,HUARMACA,OVINOS,,,,,,
20231031,20231103,200201,PIURA,AYABACA,AYABACA,OVINOS,,,,,,
20231031,20231103,200206,PIURA,AYABACA,PACAIPAMPA,OVINOS,30,1320,,,,
20231031,20231103,200202,PIURA,AYABACA,FRIAS,OVINOS,4,112,3,96,,
20231031,20231103,200209,PIURA,AYABACA,SICCHEZ,OVINOS,,,,,,
20231031,20231103,200210,PIURA,AYABACA,SUYO,OVINOS,8,96,2,24,,
20231031,20231103,200208,PIURA,AYABACA,SAPILLICA,OVINOS,14,196,8,112,,
20231031,20231103,200205,PIURA,AYABACA,MONTERO,OVINOS,,,,,,
20231031,20231103,200203,PIURA,AYABACA,JILILÍ,OVINOS,,,,,,
20231031,20231103,200101,PIURA,PIURA,PIURA,CAPRINOS,,,,,,
20231031,20231103,200110,PIURA,PIURA,LA UNIÓN,CAPRINOS,320,12,160,50,1,800,,
20231031,20231103,200105,PIURA,PIURA,CATACAOS,CAPRINOS,,,,,,
20231031,20231103,200109,PIURA,PIURA,LA ARENA,CAPRINOS,,,,,,
20231031,20231103,200114,PIURA,PIURA,TAMBOGRANDE,CAPRINOS,65,1,115,87,1,396,,
20231031,20231103,200109,PIURA,PIURA,LAS LOMAS,CAPRINOS,30,420,70,980,,
20231031,20231103,200801,PIURA,SECHURA,SECHURA,CAPRINOS,,,,,,
20231031,20231103,200405,PIURA,MORROPON,MORROPON,CAPRINOS,20,376,5,104,,
20231031,20231103,200401,PIURA,MORROPON,CHULUCANAS,CAPRINOS,125,4375,28,1036,,
20231031,20231103,200404,PIURA,MORROPON,LA MATANZA,CAPRINOS,98,2156,16,512,,
20231031,20231103,200409,PIURA,MORROPON,SANTO DOMINGO,CAPRINOS,10,345,8,276,,
20231031,20231103,200402,PIURA,MORROPON,BUENOS AIRES,CAPRINOS,16,304,6,126,,
20231031,20231103,200406,PIURA,MORROPON,SALITRAL,CAPRINOS,12,336,3,75,,
20231031,20231103,200407,PIURA,MORROPON,SAN JUAN DE BIGOTE,CAPRINOS,8,224,2,50,,
20231031,20231103,200408,PIURA,MORROPON,SANTA CATALINA DE MOSSA,CAPRINOS,4,72,3,105,,
20231031,20231103,200403,PIURA,MORROPON,CHALACO,CAPRINOS,1,23,,,,
20231031,20231103,200410,PIURA,MORROPON,YAMANGO,CAPRINOS,3,58,4,85,,
20231031,20231103,200601,PIURA,SULLANA,BELLAVISTA,CAPRINOS,542,3,753,710,5,680,,
20231031,20231103,200607,PIURA,SULLANA,QUERECOTILLO,CAPRINOS,25,500,15,300,,
20231031,20231103,200701,PIURA,TALARA,PARIÑAS,CAPRINOS,30,600,20,400,,
20231031,20231103,200504,PIURA,PAITA,PUEBLO NUEVO DE COLAN,CAPRINOS,,,,,,
20231031,20231103,200501,PIURA,PAITA,PAITA,CAPRINOS,,,,,,
20231031,20231103,200301,PIURA,HUANCABAMBA,HUANCABAMBA,CAPRINOS,3,51,5,66,,
20231031,20231103,200302,PIURA,HUANCABAMBA,CANCHAQUE,CAPRINOS,3,70,4,68,,
20231031,20231103,200307,PIURA,HUANCABAMBA,SONDOR,CAPRINOS,6,78,7,85,,
20231031,20231103,200306,PIURA,HUANCABAMBA,SAN MIGUEL DEL FAIQUE,CAPRINOS,7,75,5,82,,
20231031,20231103,200305,PIURA,HUANCABAMBA,LALAQUÍZ,CAPRINOS,8,95,6,75,,
20231031,20231103,200304,PIURA,HUANCABAMBA,HUARMACA,CAPRINOS,,,,,,
20231031,20231103,200201,PIURA,AYABACA,AYABACA,CAPRINOS,5,133,1,30,,
20231031,20231103,200206,PIURA,AYABACA,PACAIPAMPA,CAPRINOS,30,1023,,,,
20231031,20231103,200202,PIURA,AYABACA,FRIAS,CAPRINOS,4,128,3,105,,
20231031,20231103,200209,PIURA,AYABACA,SICCHEZ,CAPRINOS,,,,,,
20231031,20231103,200210,PIURA,AYABACA,SUYO,CAPRINOS,190,2,432,10,128,,
20231031,20231103,200208,PIURA,AYABACA,SAPILLICA,CAPRINOS,50,800,15,240,,
20231031,20231103,200205,PIURA,AYABACA,MONTERO,CAPRINOS,2,24,1,11,,
20231031,20231103,200203,PIURA,AYABACA,JILILÍ,CAPRINOS,2,24,2,20,,
,,,,,,,,,,,,
20230930,20231003,200101,PIURA,PIURA,PIURA,VACUNO,455,95550,152,31160,,
20230930,20231003,200110,PIURA,PIURA,LA UNIÓN,VACUNO,140,29400,22,4510,,
20230930,20231003,200105,PIURA,PIURA,CATACAOS,VACUNO,750,157500,180,36900,,
20230930,20231003,200109,PIURA,PIURA,LA ARENA,VACUNO,,,,,,
20230930,20231003,200114,PIURA,PIURA,TAMBOGRANDE,VACUNO,46,8,910,63,10,310,,
20230930,20231003,200109,PIURA,PIURA,LAS LOMAS,VACUNO,13,1,950,7,1,050,,
20230930,20231003,200801,PIURA,SECHURA,SECHURA,VACUNO,,,,,,
20230930,20231003,200405,PIURA,MORROPON,MORROPON,VACUNO,47,4575,30,3909,,
20230930,20231003,200401,PIURA,MORROPON,CHULUCANAS,VACUNO,172,36120,18,3780,,
20230930,20231003,200404,PIURA,MORROPON,LA MATANZA,VACUNO,113,21470,39,8580,,
20230930,20231003,200409,PIURA,MORROPON,SANTO DOMINGO,VACUNO,4,800,4,800,,
20230930,20231003,200402,PIURA,MORROPON,BUENOS AIRES,VACUNO,10,980,5,650,,
20230930,20231003,200406,PIURA,MORROPON,SALITRAL,VACUNO,7,1330,3,615,,
20230930,20231003,200407,PIURA,MORROPON,SAN JUAN DE BIGOTE,VACUNO,6,1200,4,840,,
20230930,20231003,200408,PIURA,MORROPON,SANTA CATALINA DE MOSSA,VACUNO,4,660,2,300,,
20230930,20231003,200403,PIURA,MORROPON,CHALACO,VACUNO,10,2500,,,,
20230930,20231003,200410,PIURA,MORROPON,YAMANGO,VACUNO,15,1500,10,1310,,
20230930,20231003,200601,PIURA,SULLANA,BELLAVISTA,VACUNO,290,64776,360,70200,,
20230930,20231003,200607,PIURA,SULLANA,QUERECOTILLO,VACUNO,15,3150,9,1890,,
20230930,20231003,200701,PIURA,TALARA,PARIÑAS,VACUNO,114,20520,85,136,,
20230930,20231003,200504,PIURA,PAITA,PUEBLO NUEVO DE COLAN,VACUNO,12,2400,8,1600,,
20230930,20231003,200501,PIURA,PAITA,PAITA,VACUNO,,,,,,
20230930,20231003,200301,PIURA,HUANCABAMBA,HUANCABAMBA,VACUNO,27,3729,106,18856,,
20230930,20231003,200302,PIURA,HUANCABAMBA,CANCHAQUE,VACUNO,8,1360,7,1290,,
20230930,20231003,200307,PIURA,HUANCABAMBA,SONDOR,VACUNO,7,1170,8,1340,,
20230930,20231003,200306,PIURA,HUANCABAMBA,SAN MIGUEL DEL FAIQUE,VACUNO,5,1100,7,1250,,
20230930,20231003,200305,PIURA,HUANCABAMBA,LALAQUÍZ,VACUNO,6,1195,6,1200,,
20230930,20231003,200304,PIURA,HUANCABAMBA,HUARMACA,VACUNO,21,2394,16,1,605,,
20230930,20231003,200201,PIURA,AYABACA,AYABACA,VACUNO,65,8,528,96,12,982,,
20230930,20231003,200206,PIURA,AYABACA,PACAIPAMPA,VACUNO,15,3600,,,,
20230930,20231003,200202,PIURA,AYABACA,FRIAS,VACUNO,5,1050,3,660,,
20230930,20231003,200209,PIURA,AYABACA,SICCHEZ,VACUNO,3,390,1,120,,
20230930,20231003,200210,PIURA,AYABACA,SUYO,VACUNO,5,650,3,390,,
20230930,20231003,200208,PIURA,AYABACA,SAPILLICA,VACUNO,10,1380,3,414,,
20230930,20231003,200205,PIURA,AYABACA,MONTERO,VACUNO,18,2,340,9,810,,
20230930,20231003,200203,PIURA,AYABACA,JILILÍ,VACUNO,9,990,6,540,,
20230930,20231003,200101,PIURA,PIURA,PIURA,PORCINO,1,640,114,800,480,26,400,,
20230930,20231003,200110,PIURA,PIURA,LA UNIÓN,PORCINO,,,,,,
20230930,20231003,200105,PIURA,PIURA,CATACAOS,PORCINO,,,,,,
20230930,20231003,200109,PIURA,PIURA,LA ARENA,PORCINO,,,,,,
20230930,20231003,200114,PIURA,PIURA,TAMBOGRANDE,PORCINO,15,1,050,20,1,210,,
20230930,20231003,200109,PIURA,PIURA,LAS LOMAS,PORCINO,,,,,,
20230930,20231003,200801,PIURA,SECHURA,SECHURA,PORCINO,,,,,,
20230930,20231003,200405,PIURA,MORROPON,MORROPON,PORCINO,18,888,12,573,,
20230930,20231003,200401,PIURA,MORROPON,CHULUCANAS,PORCINO,175,6650,43,1935,,
20230930,20231003,200404,PIURA,MORROPON,LA MATANZA,PORCINO,122,3050,31,1302,,
20230930,20231003,200409,PIURA,MORROPON,SANTO DOMINGO,PORCINO,60,4380,45,3156,,
20230930,20231003,200402,PIURA,MORROPON,BUENOS AIRES,PORCINO,9,450,7,336,,
20230930,20231003,200406,PIURA,MORROPON,SALITRAL,PORCINO,17,680,3,114,,
20230930,20231003,200407,PIURA,MORROPON,SAN JUAN DE BIGOTE,PORCINO,12,480,2,76,,
20230930,20231003,200408,PIURA,MORROPON,SANTA CATALINA DE MOSSA,PORCINO,3,200,1,60,,
20230930,20231003,200403,PIURA,MORROPON,CHALACO,PORCINO,50,3750,30,1984,,
20230930,20231003,200410,PIURA,MORROPON,YAMANGO,PORCINO,20,1020,8,392,,
20230930,20231003,200601,PIURA,SULLANA,BELLAVISTA,PORCINO,311,27818,380,28500,,
20230930,20231003,200607,PIURA,SULLANA,QUERECOTILLO,PORCINO,20,1500,10,750,,
20230930,20231003,200701,PIURA,TALARA,PARIÑAS,PORCINO,10,700,4,280,,
20230930,20231003,200504,PIURA,PAITA,PUEBLO NUEVO DE COLAN,PORCINO,,,,,,
20230930,20231003,200501,PIURA,PAITA,PAITA,PORCINO,,,,,,
20230930,20231003,200301,PIURA,HUANCABAMBA,HUANCABAMBA,PORCINO,54,4515,43,3621,,
20230930,20231003,200302,PIURA,HUANCABAMBA,CANCHAQUE,PORCINO,7,665,7,640,,
20230930,20231003,200307,PIURA,HUANCABAMBA,SONDOR,PORCINO,6,490,5,550,,
20230930,20231003,200306,PIURA,HUANCABAMBA,SAN MIGUEL DEL FAIQUE,PORCINO,6,580,7,660,,
20230930,20231003,200305,PIURA,HUANCABAMBA,LALAQUÍZ,PORCINO,7,650,6,540,,
20230930,20231003,200304,PIURA,HUANCABAMBA,HUARMACA,PORCINO,17,1245,13,915,,
20230930,20231003,200201,PIURA,AYABACA,AYABACA,PORCINO,15,970,28,2,140,,
20230930,20231003,200206,PIURA,AYABACA,PACAIPAMPA,PORCINO,200,14600,179,12720,,
20230930,20231003,200202,PIURA,AYABACA,FRIAS,PORCINO,21,672,8,336,,
20230930,20231003,200209,PIURA,AYABACA,SICCHEZ,PORCINO,4,180,6,240,,
20230930,20231003,200210,PIURA,AYABACA,SUYO,PORCINO,100,4500,20,900,,
20230930,20231003,200208,PIURA,AYABACA,SAPILLICA,PORCINO,56,2240,10,400,,
20230930,20231003,200205,PIURA,AYABACA,MONTERO,PORCINO,20,900,15,600,,
20230930,20231003,200203,PIURA,AYABACA,JILILÍ,PORCINO,10,450,8,320,,
20230930,20231003,200101,PIURA,PIURA,PIURA,OVINOS,,,,,,
20230930,20231003,200110,PIURA,PIURA,LA UNIÓN,OVINOS,,,,,,
20230930,20231003,200105,PIURA,PIURA,CATACAOS,OVINOS,,,,,,
20230930,20231003,200109,PIURA,PIURA,LA ARENA,OVINOS,,,,,,
20230930,20231003,200114,PIURA,PIURA,TAMBOGRANDE,OVINOS,17,280,28,431,,
20230930,20231003,200109,PIURA,PIURA,LAS LOMAS,OVINOS,,,,,,
20230930,20231003,200801,PIURA,SECHURA,SECHURA,OVINOS,,,,,,
20230930,20231003,200405,PIURA,MORROPON,MORROPON,OVINOS,2,43,1,22,,
20230930,20231003,200401,PIURA,MORROPON,CHULUCANAS,OVINOS,518,14504,36,1152,,
20230930,20231003,200404,PIURA,MORROPON,LA MATANZA,OVINOS,96,2400,53,1855,,
20230930,20231003,200409,PIURA,MORROPON,SANTO DOMINGO,OVINOS,12,518,12,336,,
20230930,20231003,200402,PIURA,MORROPON,BUENOS AIRES,OVINOS,4,88,1,25,,
20230930,20231003,200406,PIURA,MORROPON,SALITRAL,OVINOS,6,132,2,36,,
20230930,20231003,200407,PIURA,MORROPON,SAN JUAN DE BIGOTE,OVINOS,3,66,2,36,,
20230930,20231003,200408,PIURA,MORROPON,SANTA CATALINA DE MOSSA,OVINOS,4,112,3,96,,
20230930,20231003,200403,PIURA,MORROPON,CHALACO,OVINOS,13,562,,,,
20230930,20231003,200410,PIURA,MORROPON,YAMANGO,OVINOS,6,132,4,100,,
20230930,20231003,200601,PIURA,SULLANA,BELLAVISTA,OVINOS,43,557,65,585,,
20230930,20231003,200607,PIURA,SULLANA,QUERECOTILLO,OVINOS,,,,,,
20230930,20231003,200701,PIURA,TALARA,PARIÑAS,OVINOS,,,,,,
20230930,20231003,200504,PIURA,PAITA,PUEBLO NUEVO DE COLAN,OVINOS,,,,,,
20230930,20231003,200501,PIURA,PAITA,PAITA,OVINOS,,,,,,
20230930,20231003,200301,PIURA,HUANCABAMBA,HUANCABAMBA,OVINOS,16,288,15,264,,
20230930,20231003,200302,PIURA,HUANCABAMBA,CANCHAQUE,OVINOS,6,122,6,125,,
20230930,20231003,200307,PIURA,HUANCABAMBA,SONDOR,OVINOS,7,140,5,118,,
20230930,20231003,200306,PIURA,HUANCABAMBA,SAN MIGUEL DEL FAIQUE,OVINOS,8,155,7,145,,
20230930,20231003,200305,PIURA,HUANCABAMBA,LALAQUÍZ,OVINOS,9,160,5,112,,
20230930,20231003,200304,PIURA,HUANCABAMBA,HUARMACA,OVINOS,,,,,,
20230930,20231003,200201,PIURA,AYABACA,AYABACA,OVINOS,,,,,,
20230930,20231003,200206,PIURA,AYABACA,PACAIPAMPA,OVINOS,30,1320,,,,
20230930,20231003,200202,PIURA,AYABACA,FRIAS,OVINOS,4,112,3,96,,
20230930,20231003,200209,PIURA,AYABACA,SICCHEZ,OVINOS,,,,,,
20230930,20231003,200210,PIURA,AYABACA,SUYO,OVINOS,8,96,2,24,,
20230930,20231003,200208,PIURA,AYABACA,SAPILLICA,OVINOS,14,196,8,112,,
20230930,20231003,200205,PIURA,AYABACA,MONTERO,OVINOS,,,,,,
20230930,20231003,200203,PIURA,AYABACA,JILILÍ,OVINOS,,,,,,
20230930,20231003,200101,PIURA,PIURA,PIURA,CAPRINOS,,,,,,
20230930,20231003,200110,PIURA,PIURA,LA UNIÓN,CAPRINOS,320,12,160,50,1,800,,
20230930,20231003,200105,PIURA,PIURA,CATACAOS,CAPRINOS,,,,,,
20230930,20231003,200109,PIURA,PIURA,LA ARENA,CAPRINOS,,,,,,
20230930,20231003,200114,PIURA,PIURA,TAMBOGRANDE,CAPRINOS,65,1,115,87,1,396,,
20230930,20231003,200109,PIURA,PIURA,LAS LOMAS,CAPRINOS,30,420,70,980,,
20230930,20231003,200801,PIURA,SECHURA,SECHURA,CAPRINOS,,,,,,
20230930,20231003,200405,PIURA,MORROPON,MORROPON,CAPRINOS,20,376,5,104,,
20230930,20231003,200401,PIURA,MORROPON,CHULUCANAS,CAPRINOS,125,4375,28,1036,,
20230930,20231003,200404,PIURA,MORROPON,LA MATANZA,CAPRINOS,98,2156,16,512,,
20230930,20231003,200409,PIURA,MORROPON,SANTO DOMINGO,CAPRINOS,10,345,8,276,,
20230930,20231003,200402,PIURA,MORROPON,BUENOS AIRES,CAPRINOS,16,304,6,126,,
20230930,20231003,200406,PIURA,MORROPON,SALITRAL,CAPRINOS,12,336,3,75,,
20230930,20231003,200407,PIURA,MORROPON,SAN JUAN DE BIGOTE,CAPRINOS,8,224,2,50,,
20230930,20231003,200408,PIURA,MORROPON,SANTA CATALINA DE MOSSA,CAPRINOS,4,72,3,105,,
20230930,20231003,200403,PIURA,MORROPON,CHALACO,CAPRINOS,1,23,,,,
20230930,20231003,200410,PIURA,MORROPON,YAMANGO,CAPRINOS,3,58,4,85,,
20230930,20231003,200601,PIURA,SULLANA,BELLAVISTA,CAPRINOS,542,3,753,710,5,680,,
20230930,20231003,200607,PIURA,SULLANA,QUERECOTILLO,CAPRINOS,25,500,15,300,,
20230930,20231003,200701,PIURA,TALARA,PARIÑAS,CAPRINOS,30,600,20,400,,
20230930,20231003,200504,PIURA,PAITA,PUEBLO NUEVO DE COLAN,CAPRINOS,,,,,,
20230930,20231003,200501,PIURA,PAITA,PAITA,CAPRINOS,,,,,,
20230930,20231003,200301,PIURA,HUANCABAMBA,HUANCABAMBA,CAPRINOS,3,51,5,66,,
20230930,20231003,200302,PIURA,HUANCABAMBA,CANCHAQUE,CAPRINOS,3,70,4,68,,
20230930,20231003,200307,PIURA,HUANCABAMBA,SONDOR,CAPRINOS,6,78,7,85,,
20230930,20231003,200306,PIURA,HUANCABAMBA,SAN MIGUEL DEL FAIQUE,CAPRINOS,7,75,5,82,,
20230930,20231003,200305,PIURA,HUANCABAMBA,LALAQUÍZ,CAPRINOS,8,95,6,75,,
20230930,20231003,200304,PIURA,HUANCABAMBA,HUARMACA,CAPRINOS,,,,,,
20230930,20231003,200201,PIURA,AYABACA,AYABACA,CAPRINOS,5,133,1,30,,
20230930,20231003,200206,PIURA,AYABACA,PACAIPAMPA,CAPRINOS,30,1023,,,,
20230930,20231003,200202,PIURA,AYABACA,FRIAS,CAPRINOS,4,128,3,105,,
20230930,20231003,200209,PIURA,AYABACA,SICCHEZ,CAPRINOS,,,,,,
20230930,20231003,200210,PIURA,AYABACA,SUYO,CAPRINOS,190,2,432,10,128,,
20230930,20231003,200208,PIURA,AYABACA,SAPILLICA,CAPRINOS,50,800,15,240,,
20230930,20231003,200205,PIURA,AYABACA,MONTERO,CAPRINOS,2,24,1,11,,
20230930,20231003,200203,PIURA,AYABACA,JILILÍ,CAPRINOS,2,24,2,20,,
20230831,20230903,200101,PIURA,PIURA,PIURA,VACUNO,465,97650,150,30750,,
20230831,20230903,200110,PIURA,PIURA,LA UNIÓN,VACUNO,145,30450,20,4100,,
20230831,20230903,200105,PIURA,PIURA,CATACAOS,VACUNO,800,168000,290,59450,,
20230831,20230903,200109,PIURA,PIURA,LA ARENA,VACUNO,,,,,,
20230831,20230903,200114,PIURA,PIURA,TAMBOGRANDE,VACUNO,39,7,070,71,11,730,,
20230831,20230903,200109,PIURA,PIURA,LAS LOMAS,VACUNO,7,1,050,3,450,,
20230831,20230903,200801,PIURA,SECHURA,SECHURA,VACUNO,,,,,,
20230831,20230903,200405,PIURA,MORROPON,MORROPON,VACUNO,14,1362,6,781,,
20230831,20230903,200401,PIURA,MORROPON,CHULUCANAS,VACUNO,185,35150,12,2520,,
20230831,20230903,200404,PIURA,MORROPON,LA MATANZA,VACUNO,102,19380,35,7350,,
20230831,20230903,200409,PIURA,MORROPON,SANTO DOMINGO,VACUNO,8,2080,2,520,,
20230831,20230903,200402,PIURA,MORROPON,BUENOS AIRES,VACUNO,8,784,3,390,,
20230831,20230903,200406,PIURA,MORROPON,SALITRAL,VACUNO,7,1330,3,615,,
20230831,20230903,200407,PIURA,MORROPON,SAN JUAN DE BIGOTE,VACUNO,6,1200,4,840,,
20230831,20230903,200408,PIURA,MORROPON,SANTA CATALINA DE MOSSA,VACUNO,4,660,2,300,,
20230831,20230903,200403,PIURA,MORROPON,CHALACO,VACUNO,8,2040,,,,
20230831,20230903,200410,PIURA,MORROPON,YAMANGO,VACUNO,10,980,8,1040,,
20230831,20230903,200601,PIURA,SULLANA,BELLAVISTA,VACUNO,320,75264,381,78105,,
20230831,20230903,200607,PIURA,SULLANA,QUERECOTILLO,VACUNO,10,2100,10,2100,,
20230831,20230903,200701,PIURA,TALARA,PARIÑAS,VACUNO,103,18540,64,10240,,
20230831,20230903,200504,PIURA,PAITA,PUEBLO NUEVO DE COLAN,VACUNO,20,4000,7,1400,,
20230831,20230903,200501,PIURA,PAITA,PAITA,VACUNO,,,,,,
20230831,20230903,200301,PIURA,HUANCABAMBA,HUANCABAMBA,VACUNO,30,5172,102,17145,,
20230831,20230903,200302,PIURA,HUANCABAMBA,CANCHAQUE,VACUNO,7,1190,7,1345,,
20230831,20230903,200307,PIURA,HUANCABAMBA,SONDOR,VACUNO,6,1120,9,1300,,
20230831,20230903,200306,PIURA,HUANCABAMBA,SAN MIGUEL DEL FAIQUE,VACUNO,6,1170,6,1010,,
20230831,20230903,200305,PIURA,HUANCABAMBA,LALAQUÍZ,VACUNO,11,1925,8,1448,,
20230831,20230903,200304,PIURA,HUANCABAMBA,HUARMACA,VACUNO,21,2335,9,1,010,,
20230831,20230903,200201,PIURA,AYABACA,AYABACA,VACUNO,70,7,898,82,11,353,,
20230831,20230903,200206,PIURA,AYABACA,PACAIPAMPA,VACUNO,10,2600,5,1300,,
20230831,20230903,200202,PIURA,AYABACA,FRIAS,VACUNO,4,760,3,630,,
20230831,20230903,200209,PIURA,AYABACA,SICCHEZ,VACUNO,4,520,3,360,,
20230831,20230903,200210,PIURA,AYABACA,SUYO,VACUNO,5,650,3,390,,
20230831,20230903,200208,PIURA,AYABACA,SAPILLICA,VACUNO,15,2070,4,552,,
20230831,20230903,200205,PIURA,AYABACA,MONTERO,VACUNO,22,2860,15,1350,,
20230831,20230903,200203,PIURA,AYABACA,JILILÍ,VACUNO,6,660,4,360,,
20230831,20230903,200101,PIURA,PIURA,PIURA,PORCINO,1650,115500,485,26675,,
20230831,20230903,200110,PIURA,PIURA,LA UNIÓN,PORCINO,,,,,,
20230831,20230903,200105,PIURA,PIURA,CATACAOS,PORCINO,,,,,,
20230831,20230903,200109,PIURA,PIURA,LA ARENA,PORCINO,,,,,,
20230831,20230903,200114,PIURA,PIURA,TAMBOGRANDE,PORCINO,14,830,25,1,675,,
20230831,20230903,200109,PIURA,PIURA,LAS LOMAS,PORCINO,,,,,,
20230831,20230903,200801,PIURA,SECHURA,SECHURA,PORCINO,,,,,,
20230831,20230903,200405,PIURA,MORROPON,MORROPON,PORCINO,15,740,7,335,,
20230831,20230903,200401,PIURA,MORROPON,CHULUCANAS,PORCINO,168,5880,35,1470,,
20230831,20230903,200404,PIURA,MORROPON,LA MATANZA,PORCINO,112,3584,24,1152,,
20230831,20230903,200409,PIURA,MORROPON,SANTO DOMINGO,PORCINO,70,5040,57,3880,,
20230831,20230903,200402,PIURA,MORROPON,BUENOS AIRES,PORCINO,7,349,3,144,,
20230831,20230903,200406,PIURA,MORROPON,SALITRAL,PORCINO,19,760,4,152,,
20230831,20230903,200407,PIURA,MORROPON,SAN JUAN DE BIGOTE,PORCINO,15,600,5,190,,
20230831,20230903,200408,PIURA,MORROPON,SANTA CATALINA DE MOSSA,PORCINO,3,200,2,120,,
20230831,20230903,200403,PIURA,MORROPON,CHALACO,PORCINO,50,3750,47,2115,,
20230831,20230903,200410,PIURA,MORROPON,YAMANGO,PORCINO,15,749,6,289,,
20230831,20230903,200601,PIURA,SULLANA,BELLAVISTA,PORCINO,329,28825,391,29716,,
20230831,20230903,200607,PIURA,SULLANA,QUERECOTILLO,PORCINO,20,1600,15,1200,,
20230831,20230903,200701,PIURA,TALARA,PARIÑAS,PORCINO,30,2250,15,1125,,
20230831,20230903,200504,PIURA,PAITA,PUEBLO NUEVO DE COLAN,PORCINO,,,,,,
20230831,20230903,200501,PIURA,PAITA,PAITA,PORCINO,,,,,,
20230831,20230903,200301,PIURA,HUANCABAMBA,HUANCABAMBA,PORCINO,46,3400,58,4836,,
20230831,20230903,200302,PIURA,HUANCABAMBA,CANCHAQUE,PORCINO,8,650,7,620,,
20230831,20230903,200307,PIURA,HUANCABAMBA,SONDOR,PORCINO,7,575,5,690,,
20230831,20230903,200306,PIURA,HUANCABAMBA,SAN MIGUEL DEL FAIQUE,PORCINO,7,605,7,645,,
20230831,20230903,200305,PIURA,HUANCABAMBA,LALAQUÍZ,PORCINO,15,900,9,540,,
20230831,20230903,200304,PIURA,HUANCABAMBA,HUARMACA,PORCINO,15,855,5,360,,
20230831,20230903,200201,PIURA,AYABACA,AYABACA,PORCINO,16,795,21,1,415,,
20230831,20230903,200206,PIURA,AYABACA,PACAIPAMPA,PORCINO,350,15050,212,10176,,
20230831,20230903,200202,PIURA,AYABACA,FRIAS,PORCINO,23,1035,12,660,,
20230831,20230903,200209,PIURA,AYABACA,SICCHEZ,PORCINO,6,270,6,240,,
20230831,20230903,200210,PIURA,AYABACA,SUYO,PORCINO,80,3,600,20,900,,
20230831,20230903,200208,PIURA,AYABACA,SAPILLICA,PORCINO,55,2,200,20,800,,
20230831,20230903,200205,PIURA,AYABACA,MONTERO,PORCINO,30,1,350,22,880,,
20230831,20230903,200203,PIURA,AYABACA,JILILÍ,PORCINO,9,405,5,200,,
20230831,20230903,200101,PIURA,PIURA,PIURA,OVINOS,,,,,,
20230831,20230903,200110,PIURA,PIURA,LA UNIÓN,OVINOS,,,,,,
20230831,20230903,200105,PIURA,PIURA,CATACAOS,OVINOS,,,,,,
20230831,20230903,200109,PIURA,PIURA,LA ARENA,OVINOS,,,,,,
20230831,20230903,200114,PIURA,PIURA,TAMBOGRANDE,OVINOS,30,450,77,1,155,,
20230831,20230903,200109,PIURA,PIURA,LAS LOMAS,OVINOS,,,,,,
20230831,20230903,200801,PIURA,SECHURA,SECHURA,OVINOS,,,,,,
20230831,20230903,200405,PIURA,MORROPON,MORROPON,OVINOS,15,326,4,88,,
20230831,20230903,200401,PIURA,MORROPON,CHULUCANAS,OVINOS,508,11176,28,980,,
20230831,20230903,200404,PIURA,MORROPON,LA MATANZA,OVINOS,89,2225,45,1440,,
20230831,20230903,200409,PIURA,MORROPON,SANTO DOMINGO,OVINOS,20,900,11,495,,
20230831,20230903,200402,PIURA,MORROPON,BUENOS AIRES,OVINOS,10,219,2,44,,
20230831,20230903,200406,PIURA,MORROPON,SALITRAL,OVINOS,8,176,3,54,,
20230831,20230903,200407,PIURA,MORROPON,SAN JUAN DE BIGOTE,OVINOS,4,88,2,36,,
20230831,20230903,200408,PIURA,MORROPON,SANTA CATALINA DE MOSSA,OVINOS,3,72,2,61,,
20230831,20230903,200403,PIURA,MORROPON,CHALACO,OVINOS,10,445,7,313,,
20230831,20230903,200410,PIURA,MORROPON,YAMANGO,OVINOS,8,176,5,115,,
20230831,20230903,200601,PIURA,SULLANA,BELLAVISTA,OVINOS,43,557,65,585,,
20230831,20230903,200607,PIURA,SULLANA,QUERECOTILLO,OVINOS,,,,,,
20230831,20230903,200701,PIURA,TALARA,PARIÑAS,OVINOS,,,,,,
20230831,20230903,200504,PIURA,PAITA,PUEBLO NUEVO DE COLAN,OVINOS,,,,,,
20230831,20230903,200501,PIURA,PAITA,PAITA,OVINOS,,,,,,
20230831,20230903,200301,PIURA,HUANCABAMBA,HUANCABAMBA,OVINOS,10,186,3,70,,
20230831,20230903,200302,PIURA,HUANCABAMBA,CANCHAQUE,OVINOS,6,118,7,125,,
20230831,20230903,200307,PIURA,HUANCABAMBA,SONDOR,OVINOS,5,95,7,138,,
20230831,20230903,200306,PIURA,HUANCABAMBA,SAN MIGUEL DEL FAIQUE,OVINOS,6,126,8,145,,
20230831,20230903,200305,PIURA,HUANCABAMBA,LALAQUÍZ,OVINOS,7,126,3,51,,
20230831,20230903,200304,PIURA,HUANCABAMBA,HUARMACA,OVINOS,,,,,,
20230831,20230903,200201,PIURA,AYABACA,AYABACA,OVINOS,,,,,,
20230831,20230903,200206,PIURA,AYABACA,PACAIPAMPA,OVINOS,200,9014,77,3468,,
20230831,20230903,200202,PIURA,AYABACA,FRIAS,OVINOS,6,168,2,76,,
20230831,20230903,200209,PIURA,AYABACA,SICCHEZ,OVINOS,,,,,,
20230831,20230903,200210,PIURA,AYABACA,SUYO,OVINOS,11,132,1,12,,
20230831,20230903,200208,PIURA,AYABACA,SAPILLICA,OVINOS,25,350,7,98,,
20230831,20230903,200205,PIURA,AYABACA,MONTERO,OVINOS,,,,,,
20230831,20230903,200203,PIURA,AYABACA,JILILÍ,OVINOS,,,,,,
20230831,20230903,200101,PIURA,PIURA,PIURA,CAPRINOS,,,,,,
20230831,20230903,200110,PIURA,PIURA,LA UNIÓN,CAPRINOS,320,12,160,56,2,016,,
20230831,20230903,200105,PIURA,PIURA,CATACAOS,CAPRINOS,,,,,,
20230831,20230903,200109,PIURA,PIURA,LA ARENA,CAPRINOS,,,,,,
20230831,20230903,200114,PIURA,PIURA,TAMBOGRANDE,CAPRINOS,33,495,86,1,285,,
20230831,20230903,200109,PIURA,PIURA,LAS LOMAS,CAPRINOS,40,560,80,1120,,
20230831,20230903,200801,PIURA,SECHURA,SECHURA,CAPRINOS,,,,,,
20230831,20230903,200405,PIURA,MORROPON,MORROPON,CAPRINOS,18,340,5,105,,
20230831,20230903,200401,PIURA,MORROPON,CHULUCANAS,CAPRINOS,125,4375,28,1036,,
20230831,20230903,200404,PIURA,MORROPON,LA MATANZA,CAPRINOS,98,2156,16,512,,
20230831,20230903,200409,PIURA,MORROPON,SANTO DOMINGO,CAPRINOS,20,720,4,123,,
20230831,20230903,200402,PIURA,MORROPON,BUENOS AIRES,CAPRINOS,12,228,7,147,,
20230831,20230903,200406,PIURA,MORROPON,SALITRAL,CAPRINOS,15,420,6,150,,
20230831,20230903,200407,PIURA,MORROPON,SAN JUAN DE BIGOTE,CAPRINOS,10,280,3,75,,
20230831,20230903,200408,PIURA,MORROPON,SANTA CATALINA DE MOSSA,CAPRINOS,3,69,2,60,,
20230831,20230903,200403,PIURA,MORROPON,CHALACO,CAPRINOS,1,31,,,,
20230831,20230903,200410,PIURA,MORROPON,YAMANGO,CAPRINOS,2,38,1,20,,
20230831,20230903,200601,PIURA,SULLANA,BELLAVISTA,CAPRINOS,549,5,597,610,4,575,,
20230831,20230903,200607,PIURA,SULLANA,QUERECOTILLO,CAPRINOS,25,500,20,400,,
20230831,20230903,200701,PIURA,TALARA,PARIÑAS,CAPRINOS,30,690,10,230,,
20230831,20230903,200504,PIURA,PAITA,PUEBLO NUEVO DE COLAN,CAPRINOS,,,,,,
20230831,20230903,200501,PIURA,PAITA,PAITA,CAPRINOS,,,,,,
20230831,20230903,200301,PIURA,HUANCABAMBA,HUANCABAMBA,CAPRINOS,3,40,1,11,,
20230831,20230903,200302,PIURA,HUANCABAMBA,CANCHAQUE,CAPRINOS,6,85,5,68,,
20230831,20230903,200307,PIURA,HUANCABAMBA,SONDOR,CAPRINOS,5,75,7,90,,
20230831,20230903,200306,PIURA,HUANCABAMBA,SAN MIGUEL DEL FAIQUE,CAPRINOS,6,86,6,75,,
20230831,20230903,200305,PIURA,HUANCABAMBA,LALAQUÍZ,CAPRINOS,7,140,5,100,,
20230831,20230903,200304,PIURA,HUANCABAMBA,HUARMACA,CAPRINOS,,,,,,
20230831,20230903,200201,PIURA,AYABACA,AYABACA,CAPRINOS,1,35,1,40,,
20230831,20230903,200206,PIURA,AYABACA,PACAIPAMPA,CAPRINOS,100,3500,72,2514.96,,
20230831,20230903,200202,PIURA,AYABACA,FRIAS,CAPRINOS,5,110,4,120,,
20230831,20230903,200209,PIURA,AYABACA,SICCHEZ,CAPRINOS,1,9,,,,
20230831,20230903,200210,PIURA,AYABACA,SUYO,CAPRINOS,180,2304,70,896,,
20230831,20230903,200208,PIURA,AYABACA,SAPILLICA,CAPRINOS,48,768,15,240,,
20230831,20230903,200205,PIURA,AYABACA,MONTERO,CAPRINOS,5,60,5,55,,
20230831,20230903,200203,PIURA,AYABACA,JILILÍ,CAPRINOS,3,36,1,10,,
20230731,20230803,200101,PIURA,PIURA,PIURA,VACUNO,479,100590,160,32800,,
20230731,20230803,200110,PIURA,PIURA,LA UNIÓN,VACUNO,150,35700,20,4100,,
20230731,20230803,200105,PIURA,PIURA,CATACAOS,VACUNO,850,178500,305,62525,,
20230731,20230803,200109,PIURA,PIURA,LA ARENA,VACUNO,,,,,,
20230731,20230803,200114,PIURA,PIURA,TAMBOGRANDE,VACUNO,31,5,750,71,11,730,,
20230731,20230803,200109,PIURA,PIURA,LAS LOMAS,VACUNO,5,750,10,1,500,,
20230731,20230803,200801,PIURA,SECHURA,SECHURA,VACUNO,,,,,,
20230731,20230803,200405,PIURA,MORROPON,MORROPON,VACUNO,10,973,8,1042,,
20230731,20230803,200401,PIURA,MORROPON,CHULUCANAS,VACUNO,197,37430,17,3570,,
20230731,20230803,200404,PIURA,MORROPON,LA MATANZA,VACUNO,91,16380,32,6720,,
20230731,20230803,200409,PIURA,MORROPON,SANTO DOMINGO,VACUNO,20,2400,4,480,,
20230731,20230803,200402,PIURA,MORROPON,BUENOS AIRES,VACUNO,5,490,4,520,,
20230731,20230803,200406,PIURA,MORROPON,SALITRAL,VACUNO,8,1520,4,820,,
20230731,20230803,200407,PIURA,MORROPON,SAN JUAN DE BIGOTE,VACUNO,6,1260,4,880,,
20230731,20230803,200408,PIURA,MORROPON,SANTA CATALINA DE MOSSA,VACUNO,4,660,2,330,,
20230731,20230803,200403,PIURA,MORROPON,CHALACO,VACUNO,6,1380,,0,,
20230731,20230803,200410,PIURA,MORROPON,YAMANGO,VACUNO,14,1372,6,780,,
20230731,20230803,200601,PIURA,SULLANA,BELLAVISTA,VACUNO,313,68144,351,73359,,
20230731,20230803,200607,PIURA,SULLANA,QUERECOTILLO,VACUNO,10,2000,15,3000,,
20230731,20230803,200701,PIURA,TALARA,PARIÑAS,VACUNO,103,18540,81,12960,,
20230731,20230803,200504,PIURA,PAITA,PUEBLO NUEVO DE COLAN,VACUNO,12,2142,5,802,,
20230731,20230803,200501,PIURA,PAITA,PAITA,VACUNO,,,,,,
20230731,20230803,200301,PIURA,HUANCABAMBA,HUANCABAMBA,VACUNO,21,3583,106,17440,,
20230731,20230803,200302,PIURA,HUANCABAMBA,CANCHAQUE,VACUNO,7,1195,8,1450,,
20230731,20230803,200307,PIURA,HUANCABAMBA,SONDOR,VACUNO,6,1120,9,1300,,
20230731,20230803,200306,PIURA,HUANCABAMBA,SAN MIGUEL DEL FAIQUE,VACUNO,7,1280,6,980,,
20230731,20230803,200305,PIURA,HUANCABAMBA,LALAQUÍZ,VACUNO,9,1345,5,840,,
20230731,20230803,200304,PIURA,HUANCABAMBA,HUARMACA,VACUNO,23,2710,6,840,,
20230731,20230803,200201,PIURA,AYABACA,AYABACA,VACUNO,68,9,049,61,7,872,,
20230731,20230803,200206,PIURA,AYABACA,PACAIPAMPA,VACUNO,18,4140,,0,,
20230731,20230803,200202,PIURA,AYABACA,FRIAS,VACUNO,6,1140,3,630,,
20230731,20230803,200209,PIURA,AYABACA,SICCHEZ,VACUNO,3,390,3,360,,
20230731,20230803,200210,PIURA,AYABACA,SUYO,VACUNO,7,910,3,390,,
20230731,20230803,200208,PIURA,AYABACA,SAPILLICA,VACUNO,12,1656,5,690,,
20230731,20230803,200205,PIURA,AYABACA,MONTERO,VACUNO,12,1,560,7,630,,
20230731,20230803,200203,PIURA,AYABACA,JILILÍ,VACUNO,4,440,4,360,,
20230731,20230803,200101,PIURA,PIURA,PIURA,PORCINO,1,700,119,000,500,27,500,,
20230731,20230803,200110,PIURA,PIURA,LA UNIÓN,PORCINO,,,,,,
20230731,20230803,200105,PIURA,PIURA,CATACAOS,PORCINO,,,,,,
20230731,20230803,200109,PIURA,PIURA,LA ARENA,PORCINO,,,,,,
20230731,20230803,200114,PIURA,PIURA,TAMBOGRANDE,PORCINO,18,1,325,28,1,675,,
20230731,20230803,200109,PIURA,PIURA,LAS LOMAS,PORCINO,,,,,,
20230731,20230803,200801,PIURA,SECHURA,SECHURA,PORCINO,,,,,,
20230731,20230803,200405,PIURA,MORROPON,MORROPON,PORCINO,15,740,7,335,,
20230731,20230803,200401,PIURA,MORROPON,CHULUCANAS,PORCINO,156,7488,29,1595,,
20230731,20230803,200404,PIURA,MORROPON,LA MATANZA,PORCINO,109,3597,18,756,,
20230731,20230803,200409,PIURA,MORROPON,SANTO DOMINGO,PORCINO,100,6800,50,1262,,
20230731,20230803,200402,PIURA,MORROPON,BUENOS AIRES,PORCINO,9,450,8,384,,
20230731,20230803,200406,PIURA,MORROPON,SALITRAL,PORCINO,15,525,5,225,,
20230731,20230803,200407,PIURA,MORROPON,SAN JUAN DE BIGOTE,PORCINO,12,456,5,200,,
20230731,20230803,200408,PIURA,MORROPON,SANTA CATALINA DE MOSSA,PORCINO,3,240,2,120,,
20230731,20230803,200403,PIURA,MORROPON,CHALACO,PORCINO,80,5440,34,2216,,
20230731,20230803,200410,PIURA,MORROPON,YAMANGO,PORCINO,18,900,4,192,,
20230731,20230803,200601,PIURA,SULLANA,BELLAVISTA,PORCINO,248,21759,402,30150,,
20230731,20230803,200607,PIURA,SULLANA,QUERECOTILLO,PORCINO,20,1400,10,700,,
20230731,20230803,200701,PIURA,TALARA,PARIÑAS,PORCINO,20,1400,16,1120,,
20230731,20230803,200504,PIURA,PAITA,PUEBLO NUEVO DE COLAN,PORCINO,,,,,,
20230731,20230803,200501,PIURA,PAITA,PAITA,PORCINO,,,,,,
20230731,20230803,200301,PIURA,HUANCABAMBA,HUANCABAMBA,PORCINO,49,3709,44,3784,,
20230731,20230803,200302,PIURA,HUANCABAMBA,CANCHAQUE,PORCINO,7,580,7,602,,
20230731,20230803,200307,PIURA,HUANCABAMBA,SONDOR,PORCINO,8,640,5,680,,
20230731,20230803,200306,PIURA,HUANCABAMBA,SAN MIGUEL DEL FAIQUE,PORCINO,6,595,8,620,,
20230731,20230803,200305,PIURA,HUANCABAMBA,LALAQUÍZ,PORCINO,8,615,6,695,,
20230731,20230803,200304,PIURA,HUANCABAMBA,HUARMACA,PORCINO,9,769,6,461,,
20230731,20230803,200201,PIURA,AYABACA,AYABACA,PORCINO,14,947,18,1,240,,
20230731,20230803,200206,PIURA,AYABACA,PACAIPAMPA,PORCINO,300,21000,244,15477,,
20230731,20230803,200202,PIURA,AYABACA,FRIAS,PORCINO,27,756,6,252,,
20230731,20230803,200209,PIURA,AYABACA,SICCHEZ,PORCINO,4,180,4,160,,
20230731,20230803,200210,PIURA,AYABACA,SUYO,PORCINO,120,5,400,30,1,350,,
20230731,20230803,200208,PIURA,AYABACA,SAPILLICA,PORCINO,60,2400,10,400,,
20230731,20230803,200205,PIURA,AYABACA,MONTERO,PORCINO,25,1,125,16,640,,
20230731,20230803,200203,PIURA,AYABACA,JILILÍ,PORCINO,10,450,7,280,,
20230731,20230803,200101,PIURA,PIURA,PIURA,OVINOS,,,,,,
20230731,20230803,200110,PIURA,PIURA,LA UNIÓN,OVINOS,,,,,,
20230731,20230803,200105,PIURA,PIURA,CATACAOS,OVINOS,,,,,,
20230731,20230803,200109,PIURA,PIURA,LA ARENA,OVINOS,,,,,,
20230731,20230803,200114,PIURA,PIURA,TAMBOGRANDE,OVINOS,29,465,87,1361,,
20230731,20230803,200109,PIURA,PIURA,LAS LOMAS,OVINOS,0,0,0,0,,
20230731,20230803,200801,PIURA,SECHURA,SECHURA,OVINOS,,,,,,
20230731,20230803,200405,PIURA,MORROPON,MORROPON,OVINOS,12,264,6,138,,
20230731,20230803,200401,PIURA,MORROPON,CHULUCANAS,OVINOS,516,12900,32,896,,
20230731,20230803,200404,PIURA,MORROPON,LA MATANZA,OVINOS,92,2576,52,1664,,
20230731,20230803,200409,PIURA,MORROPON,SANTO DOMINGO,OVINOS,20,930,12,547,,
20230731,20230803,200402,PIURA,MORROPON,BUENOS AIRES,OVINOS,8,184,5,120,,
20230731,20230803,200406,PIURA,MORROPON,SALITRAL,OVINOS,14,308,5,175,,
20230731,20230803,200407,PIURA,MORROPON,SAN JUAN DE BIGOTE,OVINOS,11,242,2,76,,
20230731,20230803,200408,PIURA,MORROPON,SANTA CATALINA DE MOSSA,OVINOS,3,61,2,72,,
20230731,20230803,200403,PIURA,MORROPON,CHALACO,OVINOS,8,376,,0,,
20230731,20230803,200410,PIURA,MORROPON,YAMANGO,OVINOS,13,286,7,161,,
20230731,20230803,200601,PIURA,SULLANA,BELLAVISTA,OVINOS,35,404,71,674,,
20230731,20230803,200607,PIURA,SULLANA,QUERECOTILLO,OVINOS,,,,,,
20230731,20230803,200701,PIURA,TALARA,PARIÑAS,OVINOS,,,,,,
20230731,20230803,200504,PIURA,PAITA,PUEBLO NUEVO DE COLAN,OVINOS,,,,,,
20230731,20230803,200501,PIURA,PAITA,PAITA,OVINOS,,,,,,
20230731,20230803,200301,PIURA,HUANCABAMBA,HUANCABAMBA,OVINOS,15,305,13,241,,
20230731,20230803,200302,PIURA,HUANCABAMBA,CANCHAQUE,OVINOS,7,130,7,120,,
20230731,20230803,200307,PIURA,HUANCABAMBA,SONDOR,OVINOS,6,125,8,138,,
20230731,20230803,200306,PIURA,HUANCABAMBA,SAN MIGUEL DEL FAIQUE,OVINOS,5,120,9,190,,
20230731,20230803,200305,PIURA,HUANCABAMBA,LALAQUÍZ,OVINOS,8,135,6,120,,
20230731,20230803,200304,PIURA,HUANCABAMBA,HUARMACA,OVINOS,,,,,,
20230731,20230803,200201,PIURA,AYABACA,AYABACA,OVINOS,,,,,,
20230731,20230803,200206,PIURA,AYABACA,PACAIPAMPA,OVINOS,10,450,10,450,,
20230731,20230803,200202,PIURA,AYABACA,FRIAS,OVINOS,8,256,3,105,,
20230731,20230803,200209,PIURA,AYABACA,SICCHEZ,OVINOS,,,,,,
20230731,20230803,200210,PIURA,AYABACA,SUYO,OVINOS,11,132,1,12,,
20230731,20230803,200208,PIURA,AYABACA,SAPILLICA,OVINOS,20,280,12,168,,
20230731,20230803,200205,PIURA,AYABACA,MONTERO,OVINOS,,,,,,
20230731,20230803,200203,PIURA,AYABACA,JILILÍ,OVINOS,,,,,,
20230731,20230803,200101,PIURA,PIURA,PIURA,CAPRINOS,,,,,,
20230731,20230803,200110,PIURA,PIURA,LA UNIÓN,CAPRINOS,300,11,400,56,2,016,,
20230731,20230803,200105,PIURA,PIURA,CATACAOS,CAPRINOS,,,,,,
20230731,20230803,200109,PIURA,PIURA,LA ARENA,CAPRINOS,,,,,,
20230731,20230803,200114,PIURA,PIURA,TAMBOGRANDE,CAPRINOS,6,100,28,453,,
20230731,20230803,200109,PIURA,PIURA,LAS LOMAS,CAPRINOS,52,728,90,1260,,
20230731,20230803,200801,PIURA,SECHURA,SECHURA,CAPRINOS,,,,,,
20230731,20230803,200405,PIURA,MORROPON,MORROPON,CAPRINOS,20,380,4,84,,
20230731,20230803,200401,PIURA,MORROPON,CHULUCANAS,CAPRINOS,114,3192,19,589,,
20230731,20230803,200404,PIURA,MORROPON,LA MATANZA,CAPRINOS,98,2156,16,512,,
20230731,20230803,200409,PIURA,MORROPON,SANTO DOMINGO,CAPRINOS,25,897,,0,,
20230731,20230803,200402,PIURA,MORROPON,BUENOS AIRES,CAPRINOS,15,293,9,194,,
20230731,20230803,200406,PIURA,MORROPON,SALITRAL,CAPRINOS,11,308,7,266,,
20230731,20230803,200407,PIURA,MORROPON,SAN JUAN DE BIGOTE,CAPRINOS,13,364,3,96,,
20230731,20230803,200408,PIURA,MORROPON,SANTA CATALINA DE MOSSA,CAPRINOS,3,66,2,60,,
20230731,20230803,200403,PIURA,MORROPON,CHALACO,CAPRINOS,1,33,,0,,
20230731,20230803,200410,PIURA,MORROPON,YAMANGO,CAPRINOS,4,76,2,42,,
20230731,20230803,200601,PIURA,SULLANA,BELLAVISTA,CAPRINOS,493,453,610,4,392,,
20230731,20230803,200607,PIURA,SULLANA,QUERECOTILLO,CAPRINOS,30,600,10,200,,
20230731,20230803,200701,PIURA,TALARA,PARIÑAS,CAPRINOS,20,400,10,200,,
20230731,20230803,200504,PIURA,PAITA,PUEBLO NUEVO DE COLAN,CAPRINOS,,,,,,
20230731,20230803,200501,PIURA,PAITA,PAITA,CAPRINOS,,,,,,
20230731,20230803,200301,PIURA,HUANCABAMBA,HUANCABAMBA,CAPRINOS,5,70,3,43,,
20230731,20230803,200302,PIURA,HUANCABAMBA,CANCHAQUE,CAPRINOS,6,84,4,56,,
20230731,20230803,200307,PIURA,HUANCABAMBA,SONDOR,CAPRINOS,4,62,8,95,,
20230731,20230803,200306,PIURA,HUANCABAMBA,SAN MIGUEL DEL FAIQUE,CAPRINOS,7,90,6,88,,
20230731,20230803,200305,PIURA,HUANCABAMBA,LALAQUÍZ,CAPRINOS,7,75,7,84,,
20230731,20230803,200304,PIURA,HUANCABAMBA,HUARMACA,CAPRINOS,,,,,,
20230731,20230803,200201,PIURA,AYABACA,AYABACA,CAPRINOS,,,,,,
20230731,20230803,200206,PIURA,AYABACA,PACAIPAMPA,CAPRINOS,100,3600,78,2800,,
20230731,20230803,200202,PIURA,AYABACA,FRIAS,CAPRINOS,4,112,3,96,,
20230731,20230803,200209,PIURA,AYABACA,SICCHEZ,CAPRINOS,1,9,0,0,,
20230731,20230803,200210,PIURA,AYABACA,SUYO,CAPRINOS,250,3250,50,650,,
20230731,20230803,200208,PIURA,AYABACA,SAPILLICA,CAPRINOS,52,832,15,240,,
20230731,20230803,200205,PIURA,AYABACA,MONTERO,CAPRINOS,2,24,2,22,,
20230731,20230803,200203,PIURA,AYABACA,JILILÍ,CAPRINOS,1,12,1,10,,
20230630,20230714,200101,PIURA,PIURA,PIURA,VACUNO,490,102900,170,34850,,
20230630,20230714,200110,PIURA,PIURA,LA UNIÓN,VACUNO,205,43050,100,20500,,
20230630,20230714,200105,PIURA,PIURA,CATACAOS,VACUNO,890,186900,310,63550,,
20230630,20230714,200109,PIURA,PIURA,LA ARENA,VACUNO,,,,,,
20230630,20230714,200114,PIURA,PIURA,TAMBOGRANDE,VACUNO,31,5,750,71,11,730,,
20230630,20230714,200109,PIURA,PIURA,LAS LOMAS,VACUNO,10,1,400,18,2,520,,
20230630,20230714,200801,PIURA,SECHURA,SECHURA,VACUNO,,,,,,
20230630,20230714,200405,PIURA,MORROPON,MORROPON,VACUNO,12,1176,10,1310,,
20230630,20230714,200401,PIURA,MORROPON,CHULUCANAS,VACUNO,205,38950,21,4410,,
20230630,20230714,200404,PIURA,MORROPON,LA MATANZA,VACUNO,86,15480,27,5670,,
20230630,20230714,200409,PIURA,MORROPON,SANTO DOMINGO,VACUNO,4,660,4,660,,
20230630,20230714,200402,PIURA,MORROPON,BUENOS AIRES,VACUNO,8,792,2,262,,
20230630,20230714,200406,PIURA,MORROPON,SALITRAL,VACUNO,8,1520,4,820,,
20230630,20230714,200407,PIURA,MORROPON,SAN JUAN DE BIGOTE,VACUNO,6,1260,4,880,,
20230630,20230714,200408,PIURA,MORROPON,SANTA CATALINA DE MOSSA,VACUNO,4,660,4,660,,
20230630,20230714,200403,PIURA,MORROPON,CHALACO,VACUNO,6,1620,2,496,,
20230630,20230714,200410,PIURA,MORROPON,YAMANGO,VACUNO,10,990,8,1042,,
20230630,20230714,200601,PIURA,SULLANA,BELLAVISTA,VACUNO,348,77523,380,74100,,
20230630,20230714,200607,PIURA,SULLANA,QUERECOTILLO,VACUNO,12,2040,8,1360,,
20230630,20230714,200701,PIURA,TALARA,PARIÑAS,VACUNO,125,22500,118,18880,,
20230630,20230714,200504,PIURA,PAITA,PUEBLO NUEVO DE COLAN,VACUNO,,,,,,
20230630,20230714,200501,PIURA,PAITA,PAITA,VACUNO,,,,,,
20230630,20230714,200301,PIURA,HUANCABAMBA,HUANCABAMBA,VACUNO,21,3583,106,17440,,
20230630,20230714,200302,PIURA,HUANCABAMBA,CANCHAQUE,VACUNO,8,1450,8,2340,,
20230630,20230714,200307,PIURA,HUANCABAMBA,SONDOR,VACUNO,7,1260,7,1120,,
20230630,20230714,200306,PIURA,HUANCABAMBA,SAN MIGUEL DEL FAIQUE,VACUNO,6,1095,7,1145,,
20230630,20230714,200305,PIURA,HUANCABAMBA,LALAQUÍZ,VACUNO,6,1050,6,1090,,
20230630,20230714,200304,PIURA,HUANCABAMBA,HUARMACA,VACUNO,15,1814,17,2,384,,
20230630,20230714,200201,PIURA,AYABACA,AYABACA,VACUNO,54,7582,60,8233,,
20230630,20230714,200206,PIURA,AYABACA,PACAIPAMPA,VACUNO,20,5400,10,2700,,
20230630,20230714,200202,PIURA,AYABACA,FRIAS,VACUNO,4,760,2,420,,
20230630,20230714,200209,PIURA,AYABACA,SICCHEZ,VACUNO,4,520,2,240,,
20230630,20230714,200210,PIURA,AYABACA,SUYO,VACUNO,8,1,040,5,650,,
20230630,20230714,200208,PIURA,AYABACA,SAPILLICA,VACUNO,15,2070,4,552,,
20230630,20230714,200205,PIURA,AYABACA,MONTERO,VACUNO,15,1950,8,720,,
20230630,20230714,200203,PIURA,AYABACA,JILILÍ,VACUNO,6,660,4,360,,
20230630,20230714,200101,PIURA,PIURA,PIURA,PORCINO,,,,,,
20230630,20230714,200110,PIURA,PIURA,LA UNIÓN,PORCINO,,,,,,
20230630,20230714,200104,PIURA,PIURA,CATACAOS,PORCINO,,,,,,
20230630,20230714,200109,PIURA,PIURA,LA ARENA,PORCINO,,,,,,
20230630,20230714,200114,PIURA,PIURA,TAMBOGRANDE,PORCINO,,,,,,
20230630,20230714,200109,PIURA,PIURA,LAS LOMAS,PORCINO,,,,,,
20230630,20230714,200801,PIURA,SECHURA,SECHURA,PORCINO,,,,,,
20230630,20230714,200405,PIURA,MORROPON,MORROPON,PORCINO,10,493,8,382,,
20230630,20230714,200401,PIURA,MORROPON,CHULUCANAS,PORCINO,147,5733,21,945,,
20230630,20230714,200404,PIURA,MORROPON,LA MATANZA,PORCINO,103,3605,14,770,,
20230630,20230714,200409,PIURA,MORROPON,SANTO DOMINGO,PORCINO,100,7000,48,3206,,
20230630,20230714,200402,PIURA,MORROPON,BUENOS AIRES,PORCINO,4,200,5,245,,
20230630,20230714,200406,PIURA,MORROPON,SALITRAL,PORCINO,15,525,5,225,,
20230630,20230714,200407,PIURA,MORROPON,SAN JUAN DE BIGOTE,PORCINO,12,456,5,200,,
20230630,20230714,200408,PIURA,MORROPON,SANTA CATALINA DE MOSSA,PORCINO,3,66,3,200,,
20230630,20230714,200403,PIURA,MORROPON,CHALACO,PORCINO,100,7000,13,765,,
20230630,20230714,200410,PIURA,MORROPON,YAMANGO,PORCINO,22,1100,7,337,,
20230630,20230714,200601,PIURA,SULLANA,BELLAVISTA,PORCINO,288,24158,325,25350,,
20230630,20230714,200607,PIURA,SULLANA,QUERECOTILLO,PORCINO,12,720,8,480,,
20230630,20230714,200701,PIURA,TALARA,PARIÑAS,PORCINO,23,1265,10,550,,
20230630,20230714,200504,PIURA,PAITA,PUEBLO NUEVO DE COLAN,PORCINO,,,,,,
20230630,20230714,200501,PIURA,PAITA,PAITA,PORCINO,,,,,,
20230630,20230714,200301,PIURA,HUANCABAMBA,HUANCABAMBA,PORCINO,49,3709,44,3784,,
20230630,20230714,200302,PIURA,HUANCABAMBA,CANCHAQUE,PORCINO,7,550,8,680,,
20230630,20230714,200307,PIURA,HUANCABAMBA,SONDOR,PORCINO,7,530,6,520,,
20230630,20230714,200306,PIURA,HUANCABAMBA,SAN MIGUEL DEL FAIQUE,PORCINO,6,460,7,610,,
20230630,20230714,200305,PIURA,HUANCABAMBA,LALAQUÍZ,PORCINO,7,520,8,650,,
20230630,20230714,200304,PIURA,HUANCABAMBA,HUARMACA,PORCINO,15,1359,7,587,,
20230630,20230714,200201,PIURA,AYABACA,AYABACA,PORCINO,,,,,,
20230630,20230714,200206,PIURA,AYABACA,PACAIPAMPA,PORCINO,360,25200,176,11796,,
20230630,20230714,200202,PIURA,AYABACA,FRIAS,PORCINO,21,735,3,165,,
20230630,20230714,200209,PIURA,AYABACA,SICCHEZ,PORCINO,3,135,4,160,,
20230630,20230714,200210,PIURA,AYABACA,SUYO,PORCINO,100,4,500,20,900,,
20230630,20230714,200208,PIURA,AYABACA,SAPILLICA,PORCINO,55,2200,20,800,,
20230630,20230714,200205,PIURA,AYABACA,MONTERO,PORCINO,22,990,14,560,,
20230630,20230714,200203,PIURA,AYABACA,JILILÍ,PORCINO,12,540,10,400,,
20230630,20230714,200101,PIURA,PIURA,PIURA,OVINOS,,,,,,
20230630,20230714,200110,PIURA,PIURA,LA UNIÓN,OVINOS,,,,,,
20230630,20230714,200104,PIURA,PIURA,CATACAOS,OVINOS,,,,,,
20230630,20230714,200109,PIURA,PIURA,LA ARENA,OVINOS,,,,,,
20230630,20230714,200114,PIURA,PIURA,TAMBOGRANDE,OVINOS,29,465,87,1361,,
20230630,20230714,200109,PIURA,PIURA,LAS LOMAS,OVINOS,,,,,,
20230630,20230714,200801,PIURA,SECHURA,SECHURA,OVINOS,,,,,,
20230630,20230714,200405,PIURA,MORROPON,MORROPON,OVINOS,14,303,4,88,,
20230630,20230714,200401,PIURA,MORROPON,CHULUCANAS,OVINOS,528,14784,36,1260,,
20230630,20230714,200404,PIURA,MORROPON,LA MATANZA,OVINOS,81,2268,47,1504,,
20230630,20230714,200409,PIURA,MORROPON,SANTO DOMINGO,OVINOS,20,820,13,507,,
20230630,20230714,200402,PIURA,MORROPON,BUENOS AIRES,OVINOS,5,110,3,66,,
20230630,20230714,200406,PIURA,MORROPON,SALITRAL,OVINOS,14,308,5,175,,
20230630,20230714,200407,PIURA,MORROPON,SAN JUAN DE BIGOTE,OVINOS,11,242,2,76,,
20230630,20230714,200408,PIURA,MORROPON,SANTA CATALINA DE MOSSA,OVINOS,3,81,3,72,,
20230630,20230714,200403,PIURA,MORROPON,CHALACO,OVINOS,10,402,8,319,,
20230630,20230714,200410,PIURA,MORROPON,YAMANGO,OVINOS,12,264,5,115,,
20230630,20230714,200601,PIURA,SULLANA,BELLAVISTA,OVINOS,,,,,,
20230630,20230714,200607,PIURA,SULLANA,QUERECOTILLO,OVINOS,,,,,,
20230630,20230714,200701,PIURA,TALARA,PARIÑAS,OVINOS,,,,,,
20230630,20230714,200504,PIURA,PAITA,PUEBLO NUEVO DE COLAN,OVINOS,,,,,,
20230630,20230714,200501,PIURA,PAITA,PAITA,OVINOS,,,,,,
20230630,20230714,200301,PIURA,HUANCABAMBA,HUANCABAMBA,OVINOS,15,305,13,241,,
20230630,20230714,200302,PIURA,HUANCABAMBA,CANCHAQUE,OVINOS,5,9,7,130,,
20230630,20230714,200307,PIURA,HUANCABAMBA,SONDOR,OVINOS,7,135,6,114,,
20230630,20230714,200306,PIURA,HUANCABAMBA,SAN MIGUEL DEL FAIQUE,OVINOS,6,112,7,125,,
20230630,20230714,200305,PIURA,HUANCABAMBA,LALAQUÍZ,OVINOS,7,120,6,112,,
20230630,20230714,200304,PIURA,HUANCABAMBA,HUARMACA,OVINOS,,,,,,
20230630,20230714,200201,PIURA,AYABACA,AYABACA,OVINOS,,,,,,
20230630,20230714,200206,PIURA,AYABACA,PACAIPAMPA,OVINOS,200,8000,96,3860,,
20230630,20230714,200202,PIURA,AYABACA,FRIAS,OVINOS,6,260,2,80,,
20230630,20230714,200209,PIURA,AYABACA,SICCHEZ,OVINOS,,,,,,
20230630,20230714,200210,PIURA,AYABACA,SUYO,OVINOS,,,,,,
20230630,20230714,200208,PIURA,AYABACA,SAPILLICA,OVINOS,25,350,7,98,,
20230630,20230714,200205,PIURA,AYABACA,MONTERO,OVINOS,,,,,,
20230630,20230714,200203,PIURA,AYABACA,JILILÍ,OVINOS,,,,,,
20230630,20230714,200101,PIURA,PIURA,PIURA,CAPRINOS,,,,,,
20230630,20230714,200110,PIURA,PIURA,LA UNIÓN,CAPRINOS,,,,,,
20230630,20230714,200104,PIURA,PIURA,CATACAOS,CAPRINOS,,,,,,
20230630,20230714,200109,PIURA,PIURA,LA ARENA,CAPRINOS,,,,,,
20230630,20230714,200114,PIURA,PIURA,TAMBOGRANDE,CAPRINOS,6,100,28,453,,
20230630,20230714,200109,PIURA,PIURA,LAS LOMAS,CAPRINOS,34,442,60,780,,
20230630,20230714,200801,PIURA,SECHURA,SECHURA,CAPRINOS,,,,,,
20230630,20230714,200405,PIURA,MORROPON,MORROPON,CAPRINOS,,,,,,
20230630,20230714,200401,PIURA,MORROPON,CHULUCANAS,CAPRINOS,102,2856,15,570,,
20230630,20230714,200404,PIURA,MORROPON,LA MATANZA,CAPRINOS,94,2632,12,420,,
20230630,20230714,200409,PIURA,MORROPON,SANTO DOMINGO,CAPRINOS,20,740,6,212,,
20230630,20230714,200402,PIURA,MORROPON,BUENOS AIRES,CAPRINOS,13,247,6,125,,
20230630,20230714,200406,PIURA,MORROPON,SALITRAL,CAPRINOS,11,308,7,266,,
20230630,20230714,200407,PIURA,MORROPON,SAN JUAN DE BIGOTE,CAPRINOS,13,364,3,96,,
20230630,20230714,200408,PIURA,MORROPON,SANTA CATALINA DE MOSSA,CAPRINOS,1,32,,0,,
20230630,20230714,200403,PIURA,MORROPON,CHALACO,CAPRINOS,1,35,,0,,
20230630,20230714,200410,PIURA,MORROPON,YAMANGO,CAPRINOS,2,38,1,22,,
20230630,20230714,200601,PIURA,SULLANA,BELLAVISTA,CAPRINOS,,,,,,
20230630,20230714,200607,PIURA,SULLANA,QUERECOTILLO,CAPRINOS,,,,,,
20230630,20230714,200701,PIURA,TALARA,PARIÑAS,CAPRINOS,,,,,,
20230630,20230714,200504,PIURA,PAITA,PUEBLO NUEVO DE COLAN,CAPRINOS,,,,,,
20230630,20230714,200501,PIURA,PAITA,PAITA,CAPRINOS,,,,,,
20230630,20230714,200301,PIURA,HUANCABAMBA,HUANCABAMBA,CAPRINOS,5,70,3,43,,
20230630,20230714,200302,PIURA,HUANCABAMBA,CANCHAQUE,CAPRINOS,5,68,5,55,,
20230630,20230714,200307,PIURA,HUANCABAMBA,SONDOR,CAPRINOS,6,70,7,75,,
20230630,20230714,200306,PIURA,HUANCABAMBA,SAN MIGUEL DEL FAIQUE,CAPRINOS,8,104,4,55,,
20230630,20230714,200305,PIURA,HUANCABAMBA,LALAQUÍZ,CAPRINOS,6,65,7,70,,
20230630,20230714,200304,PIURA,HUANCABAMBA,HUARMACA,CAPRINOS,,,,,,
20230630,20230714,200201,PIURA,AYABACA,AYABACA,CAPRINOS,6,190,,,,
20230630,20230714,200206,PIURA,AYABACA,PACAIPAMPA,CAPRINOS,120,4440,64,2357,,
20230630,20230714,200202,PIURA,AYABACA,FRIAS,CAPRINOS,7,210,4,160,,
20230630,20230714,200209,PIURA,AYABACA,SICCHEZ,CAPRINOS,,,,,,
20230630,20230714,200210,PIURA,AYABACA,SUYO,CAPRINOS,240,3120,40,520,,
20230630,20230714,200208,PIURA,AYABACA,SAPILLICA,CAPRINOS,48,768,15,240,,
20230630,20230714,200205,PIURA,AYABACA,MONTERO,CAPRINOS,3,36,1,9,,
20230630,20230714,200203,PIURA,AYABACA,JILILÍ,CAPRINOS,3,36,1,10,,
20230531,20230620,200101,PIURA,PIURA,PIURA,VACUNO,500,105000,174,35670,,
20230531,20230620,200110,PIURA,PIURA,LA UNIÓN,VACUNO,210,44100,105,21525,,
20230531,20230620,200105,PIURA,PIURA,CATACAOS,VACUNO,899,188790,320,65600,,
20230531,20230620,200109,PIURA,PIURA,LA ARENA,VACUNO,,,,,,
20230531,20230620,200114,PIURA,PIURA,TAMBOGRANDE,VACUNO,34,6400,83,14245,,
20230531,20230620,200109,PIURA,PIURA,LAS LOMAS,VACUNO,8,1120,12,1680,,
20230531,20230620,200801,PIURA,SECHURA,SECHURA,VACUNO,,,,,,
20230531,20230620,200405,PIURA,MORROPON,MORROPON,VACUNO,10,973,8,1040,,
20230531,20230620,200401,PIURA,MORROPON,CHULUCANAS,VACUNO,221,46410,28,6160,,
20230531,20230620,200404,PIURA,MORROPON,LA MATANZA,VACUNO,92,18860,32,6880,,
20230531,20230620,200409,PIURA,MORROPON,SANTO DOMINGO,VACUNO,10,2500,,0,,
20230531,20230620,200402,PIURA,MORROPON,BUENOS AIRES,VACUNO,11,1056,3,390,,
20230531,20230620,200406,PIURA,MORROPON,SALITRAL,VACUNO,8,1520,4,820,,
20230531,20230620,200407,PIURA,MORROPON,SAN JUAN DE BIGOTE,VACUNO,6,1260,4,880,,
20230531,20230620,200408,PIURA,MORROPON,SANTA CATALINA DE MOSSA,VACUNO,4,660,4,660,,
20230531,20230620,200403,PIURA,MORROPON,CHALACO,VACUNO,8,2000,,0,,
20230531,20230620,200410,PIURA,MORROPON,YAMANGO,VACUNO,14,1372,6,786,,
20230531,20230620,200601,PIURA,SULLANA,BELLAVISTA,VACUNO,312,71,265,351,76,518,,
20230531,20230620,200607,PIURA,SULLANA,QUERECOTILLO,VACUNO,10,2,100,8,1,680,,
20230531,20230620,200701,PIURA,TALARA,PARIÑAS,VACUNO,100,21,000,50,10,500,,
20230531,20230620,200504,PIURA,PAITA,PUEBLO NUEVO DE COLAN,VACUNO,13,2,730,12,2,520,,
20230531,20230620,200501,PIURA,PAITA,PAITA,VACUNO,,,,,,
20230531,20230620,200301,PIURA,HUANCABAMBA,HUANCABAMBA,VACUNO,18,3085,81,12180,,
20230531,20230620,200302,PIURA,HUANCABAMBA,CANCHAQUE,VACUNO,8,1450,8,2340,,
20230531,20230620,200307,PIURA,HUANCABAMBA,SONDOR,VACUNO,7,1260,7,1120,,
20230531,20230620,200306,PIURA,HUANCABAMBA,SAN MIGUEL DEL FAIQUE,VACUNO,6,1095,7,1145,,
20230531,20230620,200305,PIURA,HUANCABAMBA,LALAQUÍZ,VACUNO,6,1050,6,1090,,
20230531,20230620,200304,PIURA,HUANCABAMBA,HUARMACA,VACUNO,11,1330,16,2,244,,
20230531,20230620,200201,PIURA,AYABACA,AYABACA,VACUNO,46,5,939,34,4,822,,
20230531,20230620,200206,PIURA,AYABACA,PACAIPAMPA,VACUNO,10,2500,,0,,
20230531,20230620,200202,PIURA,AYABACA,FRIAS,VACUNO,6,1260,2,430,,
20230531,20230620,200209,PIURA,AYABACA,SICCHEZ,VACUNO,2,260,2,240,,
20230531,20230620,200210,PIURA,AYABACA,SUYO,VACUNO,12,1,560,3,390,,
20230531,20230620,200208,PIURA,AYABACA,SAPILLICA,VACUNO,18,2484,5,690,,
20230531,20230620,200205,PIURA,AYABACA,MONTERO,VACUNO,12,1,560,5,450,,
20230531,20230620,200203,PIURA,AYABACA,JILILÍ,VACUNO,4,440,3,270,,
20230531,20230620,200101,PIURA,PIURA,PIURA,PORCINO,,,,,,
20230531,20230620,200110,PIURA,PIURA,LA UNIÓN,PORCINO,,,,,,
20230531,20230620,200104,PIURA,PIURA,CATACAOS,PORCINO,,,,,,
20230531,20230620,200109,PIURA,PIURA,LA ARENA,PORCINO,,,,,,
20230531,20230620,200114,PIURA,PIURA,TAMBOGRANDE,PORCINO,20,1,235,21,1,490,,
20230531,20230620,200109,PIURA,PIURA,LAS LOMAS,PORCINO,,,,,,
20230531,20230620,200801,PIURA,SECHURA,SECHURA,PORCINO,,,,,,
20230531,20230620,200405,PIURA,MORROPON,MORROPON,PORCINO,8,395,7,334,,
20230531,20230620,200401,PIURA,MORROPON,CHULUCANAS,PORCINO,162,6156,26,1170,,
20230531,20230620,200404,PIURA,MORROPON,LA MATANZA,PORCINO,112,3920,19,855,,
20230531,20230620,200409,PIURA,MORROPON,SANTO DOMINGO,PORCINO,100,7500,37,1884,,
20230531,20230620,200402,PIURA,MORROPON,BUENOS AIRES,PORCINO,3,144,2,94,,
20230531,20230620,200406,PIURA,MORROPON,SALITRAL,PORCINO,15,525,5,225,,
20230531,20230620,200407,PIURA,MORROPON,SAN JUAN DE BIGOTE,PORCINO,12,456,5,200,,
20230531,20230620,200408,PIURA,MORROPON,SANTA CATALINA DE MOSSA,PORCINO,3,66,3,200,,
20230531,20230620,200403,PIURA,MORROPON,CHALACO,PORCINO,82,5740,22,1324,,
20230531,20230620,200410,PIURA,MORROPON,YAMANGO,PORCINO,20,1000,4,192,,
20230531,20230620,200601,PIURA,SULLANA,BELLAVISTA,PORCINO,289,24,020,310,21,700,,
20230531,20230620,200607,PIURA,SULLANA,QUERECOTILLO,PORCINO,20,1,300,15,975,,
20230531,20230620,200701,PIURA,TALARA,PARIÑAS,PORCINO,40,2,600,20,1,300,,
20230531,20230620,200504,PIURA,PAITA,PUEBLO NUEVO DE COLAN,PORCINO,,,,,,
20230531,20230620,200501,PIURA,PAITA,PAITA,PORCINO,,,,,,
20230531,20230620,200301,PIURA,HUANCABAMBA,HUANCABAMBA,PORCINO,48,4274,35,3325,,
20230531,20230620,200302,PIURA,HUANCABAMBA,CANCHAQUE,PORCINO,8,670,7,110,,
20230531,20230620,200307,PIURA,HUANCABAMBA,SONDOR,PORCINO,6,745,6,760,,
20230531,20230620,200306,PIURA,HUANCABAMBA,SAN MIGUEL DEL FAIQUE,PORCINO,8,715,6,640,,
20230531,20230620,200305,PIURA,HUANCABAMBA,LALAQUÍZ,PORCINO,5,590,7,695,,
20230531,20230620,200304,PIURA,HUANCABAMBA,HUARMACA,PORCINO,11,1330,16,2,244,,
20230531,20230620,200201,PIURA,AYABACA,AYABACA,PORCINO,1,80,12,680,,
20230531,20230620,200206,PIURA,AYABACA,PACAIPAMPA,PORCINO,320,22400,175,11254,,
20230531,20230620,200202,PIURA,AYABACA,FRIAS,PORCINO,19,665,4,220,,
20230531,20230620,200209,PIURA,AYABACA,SICCHEZ,PORCINO,5,225,7,280,,
20230531,20230620,200210,PIURA,AYABACA,SUYO,PORCINO,90,4,050,10,450,,
20230531,20230620,200208,PIURA,AYABACA,SAPILLICA,PORCINO,65,2600,20,800,,
20230531,20230620,200205,PIURA,AYABACA,MONTERO,PORCINO,20,900,12,480,,
20230531,20230620,200203,PIURA,AYABACA,JILILÍ,PORCINO,15,675,8,320,,
20230531,20230620,200101,PIURA,PIURA,PIURA,OVINOS,,,,,,
20230531,20230620,200110,PIURA,PIURA,LA UNIÓN,OVINOS,,,,,,
20230531,20230620,200104,PIURA,PIURA,CATACAOS,OVINOS,,,,,,
20230531,20230620,200109,PIURA,PIURA,LA ARENA,OVINOS,,,,,,
20230531,20230620,200114,PIURA,PIURA,TAMBOGRANDE,OVINOS,14,220,49,775,,
20230531,20230620,200109,PIURA,PIURA,LAS LOMAS,OVINOS,,,,,,
20230531,20230620,200801,PIURA,SECHURA,SECHURA,OVINOS,,,,,,
20230531,20230620,200405,PIURA,MORROPON,MORROPON,OVINOS,12,260,3,66,,
20230531,20230620,200401,PIURA,MORROPON,CHULUCANAS,OVINOS,540,11880,45,1440,,
20230531,20230620,200404,PIURA,MORROPON,LA MATANZA,OVINOS,85,2125,51,1785,,
20230531,20230620,200409,PIURA,MORROPON,SANTO DOMINGO,OVINOS,20,900,10,448,,
20230531,20230620,200402,PIURA,MORROPON,BUENOS AIRES,OVINOS,7,140,2,42,,
20230531,20230620,200406,PIURA,MORROPON,SALITRAL,OVINOS,14,308,5,175,,
20230531,20230620,200407,PIURA,MORROPON,SAN JUAN DE BIGOTE,OVINOS,11,242,2,76,,
20230531,20230620,200408,PIURA,MORROPON,SANTA CATALINA DE MOSSA,OVINOS,3,81,3,72,,
20230531,20230620,200403,PIURA,MORROPON,CHALACO,OVINOS,10,460,6,272,,
20230531,20230620,200410,PIURA,MORROPON,YAMANGO,OVINOS,10,220,5,115,,
20230531,20230620,200601,PIURA,SULLANA,BELLAVISTA,OVINOS,33,461,45,382,,
20230531,20230620,200607,PIURA,SULLANA,QUERECOTILLO,OVINOS,,,,,,
20230531,20230620,200701,PIURA,TALARA,PARIÑAS,OVINOS,,,,,,
20230531,20230620,200504,PIURA,PAITA,PUEBLO NUEVO DE COLAN,OVINOS,,,,,,
20230531,20230620,200501,PIURA,PAITA,PAITA,OVINOS,,,,,,
20230531,20230620,200301,PIURA,HUANCABAMBA,HUANCABAMBA,OVINOS,19,354,7,161,,
20230531,20230620,200302,PIURA,HUANCABAMBA,CANCHAQUE,OVINOS,7,125,6,112,,
20230531,20230620,200307,PIURA,HUANCABAMBA,SONDOR,OVINOS,8,135,6,115,,
20230531,20230620,200306,PIURA,HUANCABAMBA,SAN MIGUEL DEL FAIQUE,OVINOS,5,110,9,260,,
20230531,20230620,200305,PIURA,HUANCABAMBA,LALAQUÍZ,OVINOS,8,128,7,155,,
20230531,20230620,200304,PIURA,HUANCABAMBA,HUARMACA,OVINOS,,,,,,
20230531,20230620,200201,PIURA,AYABACA,AYABACA,OVINOS,1,50,,,,
20230531,20230620,200206,PIURA,AYABACA,PACAIPAMPA,OVINOS,10,180,10,220,,
20230531,20230620,200202,PIURA,AYABACA,FRIAS,OVINOS,5,140,5,195,,
20230531,20230620,200209,PIURA,AYABACA,SICCHEZ,OVINOS,,,,,,
20230531,20230620,200210,PIURA,AYABACA,SUYO,OVINOS,8,96,0,0,,
20230531,20230620,200208,PIURA,AYABACA,SAPILLICA,OVINOS,28,392,10,140,,
20230531,20230620,200205,PIURA,AYABACA,MONTERO,OVINOS,1,10,2,22,,
20230531,20230620,200203,PIURA,AYABACA,JILILÍ,OVINOS,,,,,,
20230531,20230620,200101,PIURA,PIURA,PIURA,CAPRINOS,,,,,,
20230531,20230620,200110,PIURA,PIURA,LA UNIÓN,CAPRINOS,,,,,,
20230531,20230620,200104,PIURA,PIURA,CATACAOS,CAPRINOS,,,,,,
20230531,20230620,200109,PIURA,PIURA,LA ARENA,CAPRINOS,,,,,,
20230531,20230620,200114,PIURA,PIURA,TAMBOGRANDE,CAPRINOS,74,1,168,88,1,401,,
20230531,20230620,200109,PIURA,PIURA,LAS LOMAS,CAPRINOS,37,481,70,910,,
20230531,20230620,200801,PIURA,SECHURA,SECHURA,CAPRINOS,,,,,,
20230531,20230620,200405,PIURA,MORROPON,MORROPON,CAPRINOS,18,339,4,83,,
20230531,20230620,200401,PIURA,MORROPON,CHULUCANAS,CAPRINOS,96,2400,13,416,,
20230531,20230620,200404,PIURA,MORROPON,LA MATANZA,CAPRINOS,105,2940,15,570,,
20230531,20230620,200409,PIURA,MORROPON,SANTO DOMINGO,CAPRINOS,20,780,3,103,,
20230531,20230620,200402,PIURA,MORROPON,BUENOS AIRES,CAPRINOS,8,136,5,95,,
20230531,20230620,200406,PIURA,MORROPON,SALITRAL,CAPRINOS,11,308,7,266,,
20230531,20230620,200407,PIURA,MORROPON,SAN JUAN DE BIGOTE,CAPRINOS,13,364,3,96,,
20230531,20230620,200408,PIURA,MORROPON,SANTA CATALINA DE MOSSA,CAPRINOS,2,60,2,60,,
20230531,20230620,200403,PIURA,MORROPON,CHALACO,CAPRINOS,1,32,,0,,
20230531,20230620,200410,PIURA,MORROPON,YAMANGO,CAPRINOS,3,56,2,42,,
20230531,20230620,200601,PIURA,SULLANA,BELLAVISTA,CAPRINOS,,,,,,
20230531,20230620,200607,PIURA,SULLANA,QUERECOTILLO,CAPRINOS,,,,,,
20230531,20230620,200701,PIURA,TALARA,PARIÑAS,CAPRINOS,,,,,,
20230531,20230620,200504,PIURA,PAITA,PUEBLO NUEVO DE COLAN,CAPRINOS,,,,,,
20230531,20230620,200501,PIURA,PAITA,PAITA,CAPRINOS,,,,,,
20230531,20230620,200301,PIURA,HUANCABAMBA,HUANCABAMBA,CAPRINOS,4,71,2,27,,
20230531,20230620,200302,PIURA,HUANCABAMBA,CANCHAQUE,CAPRINOS,6,75,5,58,,
20230531,20230620,200307,PIURA,HUANCABAMBA,SONDOR,CAPRINOS,7,75,7,68,,
20230531,20230620,200306,PIURA,HUANCABAMBA,SAN MIGUEL DEL FAIQUE,CAPRINOS,7,95,5,62,,
20230531,20230620,200305,PIURA,HUANCABAMBA,LALAQUIZ,CAPRINOS,7,78,8,85,,
20230531,20230620,200304,PIURA,HUANCABAMBA,HUARMACA,CAPRINOS,,,,,,
20230531,20230620,200201,PIURA,AYABACA,AYABACA,CAPRINOS,,,,,,
20230531,20230620,200206,PIURA,AYABACA,PACAIPAMPA,CAPRINOS,100,3800,66,2506,,
20230531,20230620,200202,PIURA,AYABACA,FRIAS,CAPRINOS,6,168,3,114,,
20230531,20230620,200209,PIURA,AYABACA,SICCHEZ,CAPRINOS,,,,,,
20230531,20230620,200210,PIURA,AYABACA,SUYO,CAPRINOS,250,3200,50,640,,
20230531,20230620,200208,PIURA,AYABACA,SAPILLICA,CAPRINOS,36,576,18,288,,
20230531,20230620,200205,PIURA,AYABACA,MONTERO,CAPRINOS,2,24,1,9,,
20230531,20230620,200203,PIURA,AYABACA,JILILÍ,CAPRINOS,,,,,,
